id,title,brand,model,year,price_millions,first_price_millions,engine,fuel,km,gearbox,location,wilaya,seller,photos,posted_at,first_seen,last_seen,category,url
58083615,Fiat Doblo 2023,Fiat,Doblo,2023,317,317,Hdi,Diesel,89000,Manuelle,Laghouat,3,,,2026-10-05 10:57,2026-10-05 11:30,2026-10-05 11:36,utilitaire,https://www.ouedkniss.com/utilitaire-fiat-doblo-2023-laghouat-algerie-d58083615
58096914,Peugeot 208 2022 Allure,Peugeot,208,2022,222,222,1.6 HDI 115ch,Diesel,52000,Manuelle,Bouira,10,,,2026-10-05 10:55,2026-10-05 11:30,2026-10-05 11:36,voitures,https://www.ouedkniss.com/voitures-peugeot-208-2022-allure-bouira-algerie-d58096914
58082859,Fiat Doblo 2024 Commerciale,Fiat,Doblo,2024,365,365,1.6 HDI,Diesel,47000,Manuelle,Setif,19,,,2026-10-05 10:55,2026-10-05 11:30,2026-10-05 11:36,utilitaire,https://www.ouedkniss.com/utilitaire-fiat-doblo-2024-commerciale-setif-algerie-d58082859
57804216,Fiat Doblo 2025,Fiat,Doblo,2025,360,360,1.6 Hdi 90ch,Diesel,65000,Manuelle,Bir el djir,31,,,2026-10-05 10:50,2026-10-05 11:30,2026-10-05 11:36,utilitaire,https://www.ouedkniss.com/utilitaire-fiat-doblo-2025-bir-el-djir-oran-algerie-d57804216
51742329,Kia KX1 2025 Tt Option,Kia,KX1,2025,360,360,1.4,Essence,31500,Automatique,Taher,18,,2,2026-10-05 10:38,2026-10-05 11:30,2026-10-05 11:36,voitures,https://www.ouedkniss.com/voitures-kia-kx1-2025-tt-option-taher-jijel-algerie-d51742329
58096527,Hyundai I10 2024,Hyundai,i10,2024,340,340,,Essence,27000,Manuelle,Bejaia,6,,,2026-10-05 10:30,2026-10-05 11:30,2026-10-05 11:36,voitures,https://www.ouedkniss.com/voitures-hyundai-i10-2024-bejaia-algerie-d58096527
57693330,Fiat 500 2023 CLUB,Fiat,500,2023,290,290,"1,0 Hybrid 70ch",Essence,21000,Manuelle,Draria,16,,,2026-10-05 10:30,2026-10-05 11:30,2026-10-05 11:36,voitures,https://www.ouedkniss.com/voitures-fiat-500-2023-club-draria-alger-algerie-d57693330
58086114,Renault Clio 4 2019 Limited 2,Renault,Clio 4,2019,350,350,1.5 DCI 85ch,Diesel,110400,Manuelle,Hussein dey,16,,,2026-10-05 10:30,2026-10-05 11:30,2026-10-05 11:36,voitures,https://www.ouedkniss.com/voitures-renault-clio-4-2019-limited-2-hussein-dey-alger-algerie-d58086114
58093269,Geely GX3 PRO 2024 Privilège,Geely,GX3 Pro,2024,290,290,"1,5 113 CH",Essence,107000,Automatique,Boumerdes,35,,,2026-10-05 09:30,2026-10-05 11:30,2026-10-05 11:36,voitures,https://www.ouedkniss.com/voitures-geely-gx3-pro-2024-privilege-boumerdes-algerie-d58093269
57632196,Skoda Fabia 2023 Style,Skoda,Fabia,2023,378,378,1.0,Essence,105000,Manuelle,Tlemcen,13,,3,2026-10-05 09:30,2026-10-05 11:30,2026-10-05 11:36,voitures,https://www.ouedkniss.com/voitures-skoda-fabia-2023-style-tlemcen-algerie-d57632196
57580221,Fiat Doblo 2023,Fiat,Doblo,2023,360,360,,Diesel,75000,,Oued tlelat,31,,,2026-10-05 09:30,2026-10-05 11:30,2026-10-05 11:36,voitures,https://www.ouedkniss.com/voitures-fiat-doblo-2023-oued-tlelat-oran-algerie-d57580221
58080315,Fiat 500 2024 Dolcevita Plus,Fiat,500,2024,300,300,"1,0 Hybrid 70ch",Essence,28500,Manuelle,Bordj el kiffan,16,,,2026-10-05 09:30,2026-10-05 11:30,2026-10-05 11:36,voitures,https://www.ouedkniss.com/voitures-fiat-500-2024-dolcevita-plus-bordj-el-kiffan-alger-algerie-d58080315
58095150,Citroen C3 2023,Citroen,C3,2023,370,370,1.2 110cv turbo,Essence,66000,Automatique,Batna,5,,,2026-10-05 09:30,2026-10-05 11:30,2026-10-05 11:30,voitures,https://www.ouedkniss.com/voitures-citroen-c3-2023-batna-algerie-d58095150
55837723,Suzuki Swift 2022 Swift,Suzuki,Swift,2022,300,300,1.2 VVT 85ch,Essence,74000,Automatique,Draria,16,,4,2026-10-05 09:30,2026-10-05 11:30,2026-10-05 11:30,utilitaire,https://www.ouedkniss.com/utilitaire-suzuki-swift-2022-draria-alger-algerie-d55837723
58093110,Kia Picanto 2023 Picanto,Kia,Picanto,2023,340,340,1.2,Essence,30000,Automatique,Dar el beida,16,,,2026-10-05 09:30,2026-10-05 11:30,2026-10-05 11:30,voitures,https://www.ouedkniss.com/voitures-kia-picanto-2023-dar-el-beida-alger-algerie-d58093110
57912624,Fiat Doblo 2023 Tole,Fiat,Doblo,2023,347,347,1.6 hdi,Diesel,111000,Manuelle,Tlemcen,13,,2,2026-10-05 09:30,2026-10-05 11:30,2026-10-05 11:30,utilitaire,https://www.ouedkniss.com/utilitaire-fiat-doblo-2023-tole-tlemcen-algerie-d57912624
58093011,Fiat Tipo Sedan 2023 City,Fiat,Tipo Sedan,2023,355,355,1.6 eTorq 110ch BVA,Essence,125000,Automatique,Draria,16,,,2026-10-05 09:30,2026-10-05 11:30,2026-10-05 11:30,voitures,https://www.ouedkniss.com/voitures-fiat-tipo-sedan-2023-city-draria-alger-algerie-d58093011
58092987,Citroen C3 2021 City Line,Citroen,C3,2021,276,276,1.2 PureTech 83ch,Essence,84000,Manuelle,Akfadou,6,,,2026-10-05 09:30,2026-10-05 11:30,2026-10-05 11:30,voitures,https://www.ouedkniss.com/voitures-citroen-c3-2021-city-line-akfadou-bejaia-algerie-d58092987
58092744,Renault Clio 5 2021 Intense,Renault,Clio 5,2021,320,320,1.0 100 chv,Essence,135000,Manuelle,Ghazaouet,13,,,2026-10-05 09:30,2026-10-05 11:30,2026-10-05 11:30,voitures,https://www.ouedkniss.com/voitures-renault-clio-5-2021-intense-ghazaouet-tlemcen-algerie-d58092744
57761268,Fiat Doblo Van 2024,Fiat,Doblo,2024,380,380,,Diesel,35000,Manuelle,Mansourah,13,,,2026-10-05 09:30,2026-10-05 11:30,2026-10-05 11:30,utilitaire,https://www.ouedkniss.com/utilitaire-fiat-doblo-van-2024-mansourah-tlemcen-algerie-d57761268
58092699,Livan X3 Pro 2025 Automatique (Avec Toi Ouvrant ),Livan,X3 Pro,2025,325,325,1.5 ess 113ch,Essence,16500,Automatique,Fouka,42,,,2026-10-05 09:30,2026-10-05 11:30,2026-10-05 11:30,voitures,https://www.ouedkniss.com/voitures-livan-x3-pro-2025-automatique-avec-toi-ouvrant-fouka-tipaza-algerie-d58092699
56799746,Opel Corsa 2023,Opel,Corsa,2023,375,375,1.2 puretech,,26000,,Cheraga,16,,4,2026-10-05 08:30,2026-10-05 11:30,2026-10-05 11:36,voitures,https://www.ouedkniss.com/voitures-opel-corsa-2023-cheraga-alger-algerie-d56799746
57556542,Kia Picanto 2025 Morning,Kia,Picanto,2025,380,380,1.0,Essence,33000,Automatique,Setif,19,,1,2026-10-05 08:30,2026-10-05 11:30,2026-10-05 11:36,voitures,https://www.ouedkniss.com/voitures-kia-picanto-2025-morning-setif-algerie-d57556542
57879054,Peugeot 2008 2019 Allure,Peugeot,2008,2008,340,340,1.2,Essence,63000,Automatique,Setif,19,,2,2026-10-05 08:30,2026-10-05 11:30,2026-10-05 11:36,voitures,https://www.ouedkniss.com/voitures-peugeot-2008-2019-allure-setif-algerie-d57879054
56805164,Suzuki Swift 2015 Swift,Suzuki,Swift,2015,240,240,1.2 VVT 85ch,Essence,135000,Manuelle,Bir el djir,31,,,2026-10-05 08:30,2026-10-05 11:30,2026-10-05 11:30,voitures,https://www.ouedkniss.com/voitures-suzuki-swift-2015-bir-el-djir-oran-algerie-d56805164
58091871,Skoda Kamiq 2022 Volant Droite,Skoda,Kamiq,2022,330,330,1.0 Tsi 110 ch,Essence,50000,Manuelle,Bouzareah,16,,,2026-10-05 08:30,2026-10-05 11:30,2026-10-05 11:30,voitures,https://www.ouedkniss.com/voitures-skoda-kamiq-2022-volant-droite-bouzareah-alger-algerie-d58091871
56782406,Renault Megane 3 2015 La Tout Op,Renault,Megane 3,2015,357,357,1.9 DCI 130ch,Diesel,73110,Manuelle,Ouled fayet,16,,,2026-10-05 08:30,2026-10-05 11:30,2026-10-05 11:30,voitures,https://www.ouedkniss.com/voitures-renault-megane-3-2015-la-tout-op-ouled-fayet-alger-algerie-d56782406
57777342,Seat ARONA 2022 Style,Seat,Arona,2022,360,360,1.0 TSI 95ch,Essence,125000,Manuelle,Chlef,2,,,2026-10-05 07:30,2026-10-05 11:30,2026-10-05 11:30,voitures,https://www.ouedkniss.com/voitures-seat-arona-2022-style-chlef-algerie-d57777342
57663777,Fiat 500 2025 Dolcevita MIB,Fiat,500,2025,290,290,"1,0 Hybrid 70ch",Hybride,38000,Manuelle,Douera,16,,2,2026-10-05 07:30,2026-10-05 11:30,2026-10-05 11:30,voitures,https://www.ouedkniss.com/voitures-fiat-500-2025-dolcevita-mib-douera-alger-algerie-d57663777
57477978,Fiat 500 2025 Cult MIB,Fiat,500,2025,275,275,"1,0 Hybrid 70ch",Essence,59000,Manuelle,Ghazaouet,13,,,2026-10-05 07:30,2026-10-05 11:30,2026-10-05 11:30,voitures,https://www.ouedkniss.com/voitures-fiat-500-2025-cult-mib-ghazaouet-tlemcen-algerie-d57477978
58085136,Geely GX3 PRO 2026,Geely,GX3 Pro,2026,325,325,1.5,Essence,15000,Manuelle,Ghazaouet,13,,,2026-10-05 07:30,2026-10-05 11:30,2026-10-05 11:30,voitures,https://www.ouedkniss.com/voitures-geely-gx3-pro-2026-ghazaouet-tlemcen-algerie-d58085136
57774048,Dacia Sandero 2017 Stepway,Dacia,Sandero,2017,345,345,1.5 DCI 90ch,Diesel,82000,Manuelle,Ain naadja,16,,2,2026-10-05 07:30,2026-10-05 11:30,2026-10-05 11:30,voitures,https://www.ouedkniss.com/voitures-dacia-sandero-2017-stepway-ain-naadja-alger-algerie-d57774048
58080903,Volkswagen Taigo 2022 Life,Volkswagen,Taigo,2022,380,380,1.0 TSI 110ch,Essence,65000,Manuelle,Mohammadia,16,,,2026-10-05 07:30,2026-10-05 11:30,2026-10-05 11:30,voitures,https://www.ouedkniss.com/voitures-volkswagen-taigo-2022-life-mohammadia-alger-algerie-d58080903
58000017,Renault Kwid 2024 Outsider,Renault,Kwid,2024,290,290,"1,0L 12v 68ch",Essence,34500,Manuelle,Bir el djir,31,,,2026-10-05 07:30,2026-10-05 11:30,2026-10-05 11:30,voitures,https://www.ouedkniss.com/voitures-renault-kwid-2024-outsider-bir-el-djir-oran-algerie-d58000017
57991425,Hyundai I20 2020 Facelift,Hyundai,i20,2020,330,330,1.4 CRDI 90ch,Diesel,77000,Manuelle,Biskra,7,,,2026-10-05 07:30,2026-10-05 11:30,2026-10-05 11:30,voitures,https://www.ouedkniss.com/voitures-hyundai-i20-2020-facelift-biskra-algerie-d57991425
58080888,Renault Clio 3 2010,Renault,Clio 3,2010,210,210,1.5 DCI 90ch,Diesel,45000,Manuelle,Djelfa,17,,,2026-10-04 17:30,2026-10-05 11:30,2026-10-05 11:30,voitures,https://www.ouedkniss.com/voitures-renault-clio-3-2010-djelfa-algerie-d58080888
57031905,Geely Coolray 2026 Super Power,Geely,Coolray,2026,360,360,1.5 Ess 128 ch,Essence,28000,Automatique,Barika,5,,,2026-10-04 17:30,2026-10-05 11:30,2026-10-05 11:30,voitures,https://www.ouedkniss.com/voitures-geely-coolray-2026-super-power-barika-batna-algerie-d57031905
52546505,Kia Cerato 2015 Cerato,Kia,Cerato,2015,380,380,1.6 DOHC D-CVVT BVA 130CH,Essence,84000,Automatique,Drea,41,,7,2026-10-04 17:30,2026-10-05 11:30,2026-10-05 11:30,voitures,https://www.ouedkniss.com/voitures-kia-cerato-2015-drea-souk-ahras-algerie-d52546505
58075818,Dacia Sandero 2016 Stepway,Dacia,Sandero,2016,350,350,1.6 ess 90ch,Essence,100400,Manuelle,Baba hassen,16,,,2026-10-04 17:30,2026-10-05 11:30,2026-10-05 11:30,voitures,https://www.ouedkniss.com/voitures-dacia-sandero-2016-stepway-baba-hassen-alger-algerie-d58075818
58072779,Renault Kwid 2023,Renault,Kwid,2023,267,267,"1,0L 12v 68ch",Essence,61000,Manuelle,Constantine,25,,,2026-10-04 17:30,2026-10-05 11:30,2026-10-05 11:30,voitures,https://www.ouedkniss.com/voitures-renault-kwid-2023-constantine-algerie-d58072779
57991689,Seat Ibiza 2013 Fully,Seat,Ibiza,2013,280,280,1.4 ess 85ch,Essence,119410,Manuelle,Bab ezzouar,16,,,2026-10-04 17:30,2026-10-05 11:30,2026-10-05 11:30,voitures,https://www.ouedkniss.com/voitures-seat-ibiza-2013-fully-bab-ezzouar-alger-algerie-d57991689
57971994,Fiat 500 2024 Dolcevita MIB,Fiat,500,2024,277,277,"1,0 Hybrid 70ch",Essence,52000,Manuelle,Bachdjerrah,16,,,2026-10-04 17:30,2026-10-05 11:30,2026-10-05 11:30,voitures,https://www.ouedkniss.com/voitures-fiat-500-2024-dolcevita-mib-bachdjerrah-alger-algerie-d57971994
57809112,Kia Picanto 2016 Safety,Kia,Picanto,2016,310,310,1.2 ess CVVT 87ch,Essence,60000,Manuelle,Larbatache,35,,,2026-10-04 17:30,2026-10-05 11:30,2026-10-05 11:30,utilitaire,https://www.ouedkniss.com/utilitaire-kia-picanto-2016-safety-larbatache-boumerdes-algerie-d57809112
56248999,Citroen C4 2022 C4,Citroen,C4,2022,380,380,1.2 PureTech 100ch,Essence,124000,Manuelle,Ouled sidi brahim,28,,,2026-10-04 17:30,2026-10-05 11:30,2026-10-05 11:30,voitures,https://www.ouedkniss.com/voitures-citroen-c4-2022-ouled-sidi-brahim-msila-algerie-d56248999
58086069,Kia Picanto 2017 Safety,Kia,Picanto,2017,265,265,1.0 ess 69ch,Essence,101000,Automatique,Ain taya,16,,,2026-10-04 17:30,2026-10-05 11:30,2026-10-05 11:30,voitures,https://www.ouedkniss.com/voitures-kia-picanto-2017-safety-ain-taya-alger-algerie-d58086069
58084029,Skoda Fabia 2016 Style,Skoda,Fabia,2016,222,222,1.6 MPI 90ch,Essence,65000,Manuelle,Soumaa,9,,1,2026-10-04 17:30,2026-10-05 11:30,2026-10-05 11:30,voitures,https://www.ouedkniss.com/voitures-skoda-fabia-2016-style-soumaa-blida-algerie-d58084029
57969639,Volkswagen Jetta 2014 Life,Volkswagen,Jetta,2014,350,350,2.0 TDI 110ch,Diesel,62400,Manuelle,Maghnia,13,,1,2026-10-04 16:30,2026-10-05 11:30,2026-10-05 11:30,voitures,https://www.ouedkniss.com/voitures-volkswagen-jetta-2014-life-maghnia-tlemcen-algerie-d57969639
58040814,Renault Clio 4 2018 Limited,Renault,Clio 4,2018,323,323,1.5 DCI 85ch,Diesel,134000,Manuelle,Mansourah,13,,,2026-10-04 15:30,2026-10-05 11:30,2026-10-05 11:30,voitures,https://www.ouedkniss.com/voitures-renault-clio-4-2018-limited-mansourah-tlemcen-algerie-d58040814
58080531,Fiat Tipo Sedan 2023 Life,Fiat,Tipo Sedan,2023,370,370,1.6 eTorq 110ch BVA,Essence,52000,Automatique,Constantine,25,,,2026-10-04 15:30,2026-10-05 11:30,2026-10-05 11:30,voitures,https://www.ouedkniss.com/voitures-fiat-tipo-sedan-2023-life-constantine-algerie-d58080531
58082856,Renault Clio 4 2016 Dynamique,Renault,Clio 4,2016,293,293,1.2 ess 16V 75ch,Essence,142000,Manuelle,Bouzareah,16,,,2026-10-04 15:30,2026-10-05 11:30,2026-10-05 11:30,voitures,https://www.ouedkniss.com/voitures-renault-clio-4-2016-dynamique-bouzareah-alger-algerie-d58082856
58082805,Renault Clio 5 2022,Renault,Clio 5,2022,345,345,1.0 tce,Essence,124000,Manuelle,Timezrit,6,,,2026-10-04 15:30,2026-10-05 11:30,2026-10-05 11:30,voitures,https://www.ouedkniss.com/voitures-renault-clio-5-2022-timezrit-bejaia-algerie-d58082805
57952113,Dacia Sandero 2018 Stepway,Dacia,Sandero,2018,360,360,1.6 ess 90ch,Essence,87500,Manuelle,Ouled fayet,16,,,2026-10-04 15:30,2026-10-05 11:30,2026-10-05 11:30,voitures,https://www.ouedkniss.com/voitures-dacia-sandero-2018-stepway-ouled-fayet-alger-algerie-d57952113
57950823,Kia Picanto 2019 LX Confort,Kia,Picanto,2019,260,260,1.2 ess 84ch,Essence,107000,Manuelle,Said hamdine,16,,2,2026-10-04 15:30,2026-10-05 11:30,2026-10-05 11:30,voitures,https://www.ouedkniss.com/voitures-kia-picanto-2019-lx-confort-said-hamdine-alger-algerie-d57950823
58080183,Nissan Sunny 2020 Sunny,Nissan,Sunny,2020,315,315,1.5 ess 100ch BVA,Essence,148000,Manuelle,Sidi embarek,34,,,2026-10-04 15:30,2026-10-05 11:30,2026-10-05 11:30,voitures,https://www.ouedkniss.com/voitures-nissan-sunny-2020-sidi-embarek-bordj-bou-arreridj-algerie-d58080183
57344211,Seat Ibiza 2016 Black Line,Seat,Ibiza,2016,300,300,1.4 ess 85ch,Essence,118000,Manuelle,Said hamdine,16,,11,2026-10-04 15:30,2026-10-05 11:30,2026-10-05 11:30,voitures,https://www.ouedkniss.com/voitures-seat-ibiza-2016-black-line-said-hamdine-alger-algerie-d57344211
58052013,Chevrolet Spark 2023 Premier,Chevrolet,Spark,2023,250,250,1.0 Mpi,Essence,40000,Automatique,Jijel,18,,2,2026-10-04 15:30,2026-10-05 11:30,2026-10-05 11:30,voitures,https://www.ouedkniss.com/voitures-chevrolet-spark-2023-premier-jijel-algerie-d58052013
54119309,Fiat 500x 2023,Fiat,500X,2023,355,355,1.4l MultiAir ess 140ch DCT,Essence,97000,Automatique,Kouba,16,,2,2026-10-04 15:30,2026-10-05 11:30,2026-10-05 11:30,voitures,https://www.ouedkniss.com/voitures-fiat-500x-2023-kouba-alger-algerie-d54119309
58083102,Yamaha Tmax 562 Tech Max 2023,Yamaha,Tmax 562,2023,330,330,,,15000,Automatique,Tizi ouzou,15,,,2026-10-04 15:30,2026-10-05 11:30,2026-10-05 11:30,motos,https://www.ouedkniss.com/motos-scooters-yamaha-tmax-562-tech-max-2023-tizi-ouzou-algerie-d58083102
58081950,Sokon C01 2024,Sokon,C01,2024,260,260,1.1,Essence,24000,Manuelle,El achour,16,,,2026-10-04 15:30,2026-10-05 11:30,2026-10-05 11:30,utilitaire,https://www.ouedkniss.com/utilitaire-sokon-c01-2024-el-achour-alger-algerie-d58081950
57649554,Seat Ibiza 2016 Black Line,Seat,Ibiza,2016,300,300,1.4 ess 85ch,Essence,118000,Manuelle,Said hamdine,16,,4,2026-10-04 15:30,2026-10-05 11:30,2026-10-05 11:30,voitures,https://www.ouedkniss.com/voitures-seat-ibiza-2016-black-line-said-hamdine-alger-algerie-d57649554
58083051,Kia Picanto 2019 EX,Kia,Picanto,2019,290,290,1.2 ess 84ch,Essence,126000,Manuelle,El harrach,16,,,2026-10-04 15:30,2026-10-05 11:30,2026-10-05 11:30,voitures,https://www.ouedkniss.com/voitures-kia-picanto-2019-ex-el-harrach-alger-algerie-d58083051
57871302,Peugeot 2008 2018 GT LINE,Peugeot,2008,2008,300,300,1.2 130ch,Essence,36000,Automatique,Setif,19,,,2026-10-04 15:30,2026-10-05 11:30,2026-10-05 11:30,voitures,https://www.ouedkniss.com/voitures-peugeot-2008-2018-gt-line-setif-algerie-d57871302
57676824,Renault CLIO 5 2022 BUSINESS,Renault,Clio 5,2022,337,337,1.0 Tdi ( turbo ),Essence,123000,Manuelle,Bouira,10,,,2026-10-04 15:30,2026-10-05 11:30,2026-10-05 11:30,voitures,https://www.ouedkniss.com/voitures-renault-clio-5-2022-business-bouira-algerie-d57676824
58082184,Kia Rio 2020 LX,Kia,Rio,2020,355,355,1.4l ess 100ch BVA,Essence,116000,Automatique,Oran,31,,,2026-10-04 14:30,2026-10-05 11:30,2026-10-05 11:30,voitures,https://www.ouedkniss.com/voitures-kia-rio-2020-lx-oran-algerie-d58082184
58082151,Renault Symbol 2015 Essentielle,Renault,Symbol,2015,295,295,1.2 ess 16V 75ch,Essence,114000,Manuelle,El achour,16,,,2026-10-04 14:30,2026-10-05 11:30,2026-10-05 11:30,voitures,https://www.ouedkniss.com/voitures-renault-symbol-2015-essentielle-el-achour-alger-algerie-d58082151
58082139,Citroen C3 2022 SHINE,Citroen,C3,2022,340,340,1.2 PureTech 83ch,Essence,35600,Manuelle,El marsa,16,,,2026-10-04 14:30,2026-10-05 11:30,2026-10-05 11:30,voitures,https://www.ouedkniss.com/voitures-citroen-c3-2022-shine-el-marsa-alger-algerie-d58082139
58082085,Fiat 500x 2023 Club,Fiat,500X,2023,365,365,1.4l MultiAir ess 140ch DCT,Essence,70000,Automatique,Ain bessem,10,,,2026-10-04 14:30,2026-10-05 11:30,2026-10-05 11:30,voitures,https://www.ouedkniss.com/voitures-fiat-500x-2023-club-ain-bessem-bouira-algerie-d58082085
56837897,Peugeot 308 2015 Active,Peugeot,308,2015,310,310,1.6 ess VTI 116ch,Essence,140000,Manuelle,El achour,16,,,2026-10-04 14:30,2026-10-05 11:30,2026-10-05 11:30,voitures,https://www.ouedkniss.com/voitures-peugeot-308-2015-active-el-achour-alger-algerie-d56837897
56782232,Kia Picanto 2014 Pop Plus,Kia,Picanto,2014,260,260,1.2 ess CVVT 87ch,Essence,24800,Manuelle,El eulma,19,,2,2026-10-04 14:30,2026-10-05 11:30,2026-10-05 11:30,voitures,https://www.ouedkniss.com/voitures-kia-picanto-2014-pop-plus-el-eulma-setif-algerie-d56782232
57014475,Chevrolet Sail 5 Portes 2012 Sail 5 Portes,Chevrolet,Sail,2012,200,200,1.2 ess 80ch,Essence,132000,Manuelle,Sidi bel abbes,22,,2,2026-10-04 13:30,2026-10-05 11:30,2026-10-05 11:30,voitures,https://www.ouedkniss.com/voitures-chevrolet-sail-5-portes-2012-sidi-bel-abbes-algerie-d57014475
48689509,Fiat 500x 2023 Club,Fiat,500X,2023,380,380,1.4l MultiAir ess 140ch DCT energie-1,,39000,Automatique,Ain smara,25,,1,2026-10-04 13:30,2026-10-05 11:30,2026-10-05 11:30,voitures,https://www.ouedkniss.com/voitures-fiat-500x-2023-club-ain-smara-constantine-algerie-d48689509
57640662,Renault Clio 4 2019 GT Line +,Renault,Clio 4,2019,350,350,1.5 DCI 85ch,Diesel,116000,Manuelle,Ouled fayet,16,,2,2026-10-04 13:30,2026-10-05 11:30,2026-10-05 11:30,voitures,https://www.ouedkniss.com/voitures-renault-clio-4-2019-gt-line-ouled-fayet-alger-algerie-d57640662
58011903,Dacia Stepway Dci 2018,Dacia,Stepway Dci,2018,330,330,,Diesel,139000,Manuelle,Zeralda,16,,,2026-10-04 13:30,2026-10-05 11:30,2026-10-05 11:30,voitures,https://www.ouedkniss.com/voitures-dacia-stepway-dci-2018-zeralda-alger-algerie-d58011903
57561960,Kia Pegas 2023 NOUVELLE RIO,Kia,Pegas,2023,340,340,1.4 DOHC (MPi) 16V 100ch,Essence,59000,Automatique,Draria,16,,6,2026-10-04 12:30,2026-10-05 11:30,2026-10-05 11:36,voitures,https://www.ouedkniss.com/voitures-kia-pegas-2023-nouvelle-rio-draria-alger-algerie-d57561960
58079364,Ford Focus 5 Portes 2011 Focus 5 Portes,Ford,Focus,2011,210,210,1.6 ESS,Essence,99000,Manuelle,Jijel,18,,,2026-10-04 12:30,2026-10-05 11:30,2026-10-05 11:30,voitures,https://www.ouedkniss.com/voitures-ford-focus-5-portes-2011-jijel-algerie-d58079364
58070733,Shacman X9 Jac Jmc Plateu 2019,Shacman,X9 Jac,2019,320,320,,Diesel,142000,Manuelle,Hammedi,35,,,2026-10-04 12:30,2026-10-05 11:30,2026-10-05 11:30,camion,https://www.ouedkniss.com/camion-shacman-x9-jac-jmc-plateu-2019-hammedi-boumerdes-algerie-d58070733
57714861,Dacia Sandero 2017 Stepway,Dacia,Sandero,2017,350,350,1.5 DCI 90ch,Diesel,98000,Manuelle,Zeralda,16,,1,2026-10-04 12:30,2026-10-05 11:30,2026-10-05 11:30,voitures,https://www.ouedkniss.com/voitures-dacia-sandero-2017-stepway-zeralda-alger-algerie-d57714861
57788850,Chevrolet Sail 5 Portes 2012 Exclusive,Chevrolet,Sail,2012,214,214,1.4 ess 97ch,Essence,129000,Manuelle,Baghlia,35,,,2026-10-04 12:30,2026-10-05 11:30,2026-10-05 11:30,voitures,https://www.ouedkniss.com/voitures-chevrolet-sail-5-portes-2012-exclusive-baghlia-boumerdes-algerie-d57788850
54771878,Citroen C3 2022 Nouvelle Vitamine,Citroen,C3,2022,305,305,1.2 VTI 82ch,Essence,90000,Manuelle,Dar el beida,16,,3,2026-10-04 12:30,2026-10-05 11:30,2026-10-05 11:30,voitures,https://www.ouedkniss.com/voitures-citroen-c3-2022-nouvelle-vitamine-dar-el-beida-alger-algerie-d54771878
58022460,Kia Picanto 2019 LX Confort,Kia,Picanto,2019,290,290,1.2 ess CVVT 87ch,Essence,110000,Manuelle,Laghouat,3,,2,2026-10-04 12:30,2026-10-05 11:30,2026-10-05 11:30,voitures,https://www.ouedkniss.com/voitures-kia-picanto-2019-lx-confort-laghouat-algerie-d58022460
58064352,Peugeot 208 2016,Peugeot,208,2016,255,255,,Essence,107000,Manuelle,Tiaret,14,,,2026-10-04 12:30,2026-10-05 11:30,2026-10-05 11:30,voitures,https://www.ouedkniss.com/voitures-peugeot-208-2016-tiaret-algerie-d58064352
58067232,Renault Clio Campus 2011 Clio Campus,Renault,Clio Campus,2011,200,200,1.2 ess 16V 75ch,Essence,34000,Manuelle,Khraissia,16,,,2026-10-04 12:30,2026-10-05 11:30,2026-10-05 11:30,voitures,https://www.ouedkniss.com/voitures-renault-clio-campus-2011-khraissia-alger-algerie-d58067232
58079016,Fiat Tipo Sedan 2023 City,Fiat,Tipo Sedan,2023,380,380,1.6 eTorq 110ch BVA,Essence,95000,Automatique,Hassi bounif,31,,,2026-10-04 12:30,2026-10-05 11:30,2026-10-05 11:30,voitures,https://www.ouedkniss.com/voitures-fiat-tipo-sedan-2023-city-hassi-bounif-oran-algerie-d58079016
57507894,Dacia Sandero 2020 Stepway,Dacia,Sandero,2020,350,350,1.5 DCI 90ch,Diesel,70000,Manuelle,Dar el beida,16,,1,2026-10-04 12:30,2026-10-05 11:30,2026-10-05 11:30,voitures,https://www.ouedkniss.com/voitures-dacia-sandero-2020-stepway-dar-el-beida-alger-algerie-d57507894
58077900,Seat Ibiza 2018 STYLE,Seat,Ibiza,2018,360,360,1.6 MPi 110 ch,Essence,145000,Manuelle,Alger centre,16,,,2026-10-04 12:30,2026-10-05 11:30,2026-10-05 11:30,voitures,https://www.ouedkniss.com/voitures-seat-ibiza-2018-style-alger-centre-algerie-d58077900
56655197,Chery Tiggo 4 Pro 2024 Luxury,Chery,Tiggo 4 Pro,2024,375,375,1.5 ess 113ch,Essence,56000,Automatique,Ain benian,16,,3,2026-10-04 12:30,2026-10-05 11:30,2026-10-05 11:30,voitures,https://www.ouedkniss.com/voitures-chery-tiggo-4-pro-2024-luxury-ain-benian-alger-algerie-d56655197
57926115,Fiat 500 2024 Dolcevita Plus,Fiat,500,2024,296,296,"1,0 Hybrid 70ch",Essence,69000,Manuelle,Bir el djir,31,,,2026-10-04 11:30,2026-10-05 11:30,2026-10-05 11:36,voitures,https://www.ouedkniss.com/voitures-fiat-500-2024-dolcevita-plus-bir-el-djir-oran-algerie-d57926115
58078074,Renault Kwid 2024 Outsider,Renault,Kwid,2024,305,305,"1,0L 12v 68ch",Essence,51000,Manuelle,Birkhadem,16,,,2026-10-04 11:30,2026-10-05 11:30,2026-10-05 11:36,voitures,https://www.ouedkniss.com/voitures-renault-kwid-2024-outsider-birkhadem-alger-algerie-d58078074
55024456,Chery Tiggo 2 Pro 2025 Luxury,Chery,Tiggo 2 Pro,2025,332,332,1.0 ess turbo 102ch,Essence,32000,Automatique,Ouled fayet,16,,1,2026-10-04 11:30,2026-10-05 11:30,2026-10-05 11:36,voitures,https://www.ouedkniss.com/voitures-chery-tiggo-2-pro-2025-luxury-ouled-fayet-alger-algerie-d55024456
54139196,Hyundai I20 2019 Extrême,Hyundai,i20,2019,315,315,1.4 CRDI 75ch,Diesel,82000,Manuelle,Boumerdes,35,,23,2026-10-04 11:30,2026-10-05 11:30,2026-10-05 11:36,voitures,https://www.ouedkniss.com/voitures-hyundai-i20-2019-extreme-boumerdes-algerie-d54139196
58077585,Hyundai Creta 2017,Hyundai,Creta,2017,362.50,362.50,,Diesel,144780,Manuelle,Bouzareah,16,,,2026-10-04 11:30,2026-10-05 11:30,2026-10-05 11:30,voitures,https://www.ouedkniss.com/voitures-hyundai-creta-2017-bouzareah-alger-algerie-d58077585
58077558,Fiat 500 2025 Cult MIB,Fiat,500,2025,290,290,"1,0 Hybrid 70ch",,47000,Manuelle,Bir el djir,31,,,2026-10-04 11:30,2026-10-05 11:30,2026-10-05 11:30,voitures,https://www.ouedkniss.com/voitures-fiat-500-2025-cult-mib-bir-el-djir-oran-algerie-d58077558
58018302,Peugeot 308 2022 SW GT,Peugeot,308,2022,326,326,1.2 puretech turbo 130 cv,Essence,63400,Automatique,Setif,19,,,2026-10-04 11:30,2026-10-05 11:30,2026-10-05 11:30,voitures,https://www.ouedkniss.com/voitures-peugeot-308-2022-sw-gt-setif-algerie-d58018302
58078419,Dacia Logan 2016 Lauréate,Dacia,Logan,2016,332,332,1.2 ess 16V 75ch,GPL,86000,Manuelle,Bordj bou arreridj,34,,,2026-10-04 11:30,2026-10-05 11:30,2026-10-05 11:30,voitures,https://www.ouedkniss.com/voitures-dacia-logan-2016-laureate-bordj-bou-arreridj-algerie-d58078419
53999672,Hyundai Accent RB 5 Portes 2018 Préstige,Hyundai,Accent RB,2018,320,320,1.6 CRDI 128ch BVA,Diesel,128000,Manuelle,Ouargla,30,,4,2026-10-04 11:30,2026-10-05 11:30,2026-10-05 11:30,voitures,https://www.ouedkniss.com/voitures-hyundai-accent-rb-5-portes-2018-prestige-ouargla-algerie-d53999672
58074996,Livan X3 Pro 2025 Automatique (Avec Toi Ouvrant ),Livan,X3 Pro,2025,335,335,1.5 ess 113ch,Essence,17000,Automatique,Dar el beida,16,,,2026-10-04 11:30,2026-10-05 11:30,2026-10-05 11:30,voitures,https://www.ouedkniss.com/voitures-livan-x3-pro-2025-automatique-avec-toi-ouvrant-dar-el-beida-alger-algerie-d58074996
57739134,Peugeot 308 2022 GT Line,Peugeot,308,2022,326,326,1.2 turbo 130,Essence,63400,Automatique,Setif,19,,2,2026-10-04 11:30,2026-10-05 11:30,2026-10-05 11:30,voitures,https://www.ouedkniss.com/voitures-peugeot-308-2022-gt-line-setif-algerie-d57739134
57996543,Hyundai Grand I10 2018,Hyundai,Grand i10,2018,275,275,1.2 ess 87ch,Essence,108000,Manuelle,El biar,16,,,2026-10-04 11:30,2026-10-05 11:30,2026-10-05 11:30,voitures,https://www.ouedkniss.com/voitures-hyundai-grand-i10-2018-el-biar-alger-algerie-d57996543
58074726,Fiat 500 2023 Dolcevita Plus,Fiat,500,2023,267,267,"1,0 Hybrid 70ch",Essence,105000,Manuelle,Constantine,25,,,2026-10-04 11:30,2026-10-05 11:30,2026-10-05 11:30,voitures,https://www.ouedkniss.com/voitures-fiat-500-2023-dolcevita-plus-constantine-algerie-d58074726
57780168,Renault Clio 5 2021 Intense,Renault,Clio 5,2021,345,345,1.0 tce,GPL,93000,Manuelle,Setif,19,,,2026-10-04 11:30,2026-10-05 11:30,2026-10-05 11:30,voitures,https://www.ouedkniss.com/voitures-renault-clio-5-2021-intense-setif-algerie-d57780168
58074690,Renault Captur 2024 Techno,Renault,Captur,2024,360,360,1.0 TCe 90ch,Essence,100000,Manuelle,El madania,16,,,2026-10-04 11:30,2026-10-05 11:30,2026-10-05 11:30,voitures,https://www.ouedkniss.com/voitures-renault-captur-2024-techno-el-madania-alger-algerie-d58074690
58076028,Citroen C Elysée 2022 Edition Spéciale,Citroen,C-Elysee,2022,350,350,1.6 HDI 92ch,Diesel,75000,Manuelle,El khroub,25,,,2026-10-04 11:30,2026-10-05 11:30,2026-10-05 11:30,voitures,https://www.ouedkniss.com/voitures-citroen-c-elysee-2022-edition-speciale-el-khroub-constantine-algerie-d58076028
56792759,Peugeot 207 2012,Peugeot,207,2012,240,240,1.4 VTI 95ch,Essence,90000,Manuelle,Rouiba,16,,4,2026-10-04 11:30,2026-10-05 11:30,2026-10-05 11:30,voitures,https://www.ouedkniss.com/voitures-peugeot-207-2012-rouiba-alger-algerie-d56792759
58064088,Fiat Doblo 2023 طلياني,Fiat,Doblo,2023,340,340,1.6 hdi,Diesel,120000,Manuelle,Ouled hedadj,35,,,2026-10-04 11:30,2026-10-05 11:30,2026-10-05 11:30,utilitaire,https://www.ouedkniss.com/utilitaire-fiat-doblo-2023-%D8%B7%D9%84%D9%8A%D8%A7%D9%86%D9%8A-ouled-hedadj-boumerdes-algerie-d58064088
57993012,Geely GX3 PRO 2024,Geely,GX3 Pro,2024,294,294,"1,5 ess 102ch CVT",Essence,90000,Automatique,Maghnia,13,,1,2026-10-04 11:30,2026-10-05 11:30,2026-10-05 11:30,voitures,https://www.ouedkniss.com/voitures-geely-gx3-pro-2024-maghnia-tlemcen-algerie-d57993012
55244752,Fiat 500x 2023 Club,Fiat,500X,2023,340,340,1.4l MultiAir ess 140ch DCT,Essence,94000,Automatique,Blida,9,,2,2026-10-04 11:30,2026-10-05 11:30,2026-10-05 11:30,voitures,https://www.ouedkniss.com/voitures-fiat-500x-2023-club-blida-algerie-d55244752
52835081,Fiat 500 2025 Dolcevita MIB,Fiat,500,2025,300,300,"1,0 Hybrid 70ch",Essence,23000,Manuelle,Batna,5,,,2026-10-04 11:30,2026-10-05 11:30,2026-10-05 11:30,voitures,https://www.ouedkniss.com/voitures-fiat-500-2025-dolcevita-mib-batna-algerie-d52835081
57937245,Hyundai Grand I10 2018 Restylée DZ,Hyundai,Grand i10,2018,332,332,1.2 ess 87ch,Essence,99000,Manuelle,Kouba,16,,,2026-10-04 11:30,2026-10-05 11:30,2026-10-05 11:30,voitures,https://www.ouedkniss.com/voitures-hyundai-grand-i10-2018-restylee-dz-kouba-alger-algerie-d57937245
57739329,Geely GX3 PRO 2025 Livan,Geely,GX3 Pro,2025,320,320,1.5,Essence,23000,Automatique,Batna,5,,2,2026-10-04 11:30,2026-10-05 11:30,2026-10-05 11:30,voitures,https://www.ouedkniss.com/voitures-geely-gx3-pro-2025-livan-batna-algerie-d57739329
57237882,Citroen C3 2023 Shine,Citroen,C3,2023,340,340,1.2 purtech 110,Essence,44000,Manuelle,Mostaganem,27,,,2026-10-04 11:30,2026-10-05 11:30,2026-10-05 11:30,voitures,https://www.ouedkniss.com/voitures-citroen-c3-2023-shine-mostaganem-algerie-d57237882
57751305,Kia Rio 2019 LX,Kia,Rio,2019,375,375,1.4l ess 100ch,,64000,Manuelle,Telerghma,43,,6,2026-10-04 11:30,2026-10-05 11:30,2026-10-05 11:30,voitures,https://www.ouedkniss.com/voitures-kia-rio-2019-lx-telerghma-mila-algerie-d57751305
57878148,Fiat Tipo Sedan 2023 Life,Fiat,Tipo Sedan,2023,375,375,1.6 eTorq 110ch BVA,Essence,94000,Automatique,Bir el djir,31,,,2026-10-04 11:30,2026-10-05 11:30,2026-10-05 11:30,voitures,https://www.ouedkniss.com/voitures-fiat-tipo-sedan-2023-life-bir-el-djir-oran-algerie-d57878148
58033506,Fiat 500 2025 Dolcevita MIB,Fiat,500,2025,305,305,"1,0 Hybrid 70ch",Essence,22000,Manuelle,Ain temouchent,46,,,2026-10-04 11:30,2026-10-05 11:30,2026-10-05 11:30,voitures,https://www.ouedkniss.com/voitures-fiat-500-2025-dolcevita-mib-ain-temouchent-algerie-d58033506
58073799,Chery Tiggo 4 Pro 2024 Comfort,Chery,Tiggo 4 Pro,2024,340,340,1.5 ess 113ch,Essence,48000,Manuelle,Bordj el kiffan,16,,,2026-10-04 11:30,2026-10-05 11:30,2026-10-05 11:30,voitures,https://www.ouedkniss.com/voitures-chery-tiggo-4-pro-2024-comfort-bordj-el-kiffan-alger-algerie-d58073799
56735267,Fiat 500x 2023 Club,Fiat,500X,2023,350,350,1.4l MultiAir ess 140ch DCT,Essence,73000,Automatique,Bab ezzouar,16,,2,2026-10-04 11:30,2026-10-05 11:30,2026-10-05 11:30,voitures,https://www.ouedkniss.com/voitures-fiat-500x-2023-club-bab-ezzouar-alger-algerie-d56735267
58073718,Seat Ibiza 2023,Seat,Ibiza,2023,375,375,1.0 tsi 95ch,Essence,58000,Manuelle,Kouba,16,,,2026-10-04 11:30,2026-10-05 11:30,2026-10-05 11:30,voitures,https://www.ouedkniss.com/voitures-seat-ibiza-2023-kouba-alger-algerie-d58073718
57904668,Fiat 500 2025 Dolcevita MIB,Fiat,500,2025,286,286,"1,0 Hybrid 70ch",,38000,Manuelle,Misseghine,31,,,2026-10-04 11:30,2026-10-05 11:30,2026-10-05 11:30,utilitaire,https://www.ouedkniss.com/utilitaire-fiat-500-2025-dolcevita-mib-misseghine-oran-algerie-d57904668
56506322,Skoda Fabia 2021 Ambition,Skoda,Fabia,2021,350,350,1.0 MPI 75ch,Essence,100000,Manuelle,Ain beida,4,,1,2026-10-04 11:30,2026-10-05 11:30,2026-10-05 11:30,voitures,https://www.ouedkniss.com/voitures-skoda-fabia-2021-ambition-ain-beida-oum-el-bouaghi-algerie-d56506322
58057395,Kia Picanto 2022 LX,Kia,Picanto,2022,270,270,1.2 ess 84ch,Essence,97000,Automatique,Chettia,2,,,2026-10-04 11:30,2026-10-05 11:30,2026-10-05 11:30,voitures,https://www.ouedkniss.com/voitures-kia-picanto-2022-lx-chettia-chlef-algerie-d58057395
57486720,Fiat 500 2023 CLUB,Fiat,500,2023,295,295,"1,0 Hybrid 70ch",Essence,38000,Manuelle,Beni messous,16,,,2026-10-04 11:30,2026-10-05 11:30,2026-10-05 11:30,voitures,https://www.ouedkniss.com/voitures-fiat-500-2023-club-beni-messous-alger-algerie-d57486720
57983097,Dacia Duster 2014 Duster,Dacia,Duster,2014,305,305,1.5 DCI 4X2 85ch,Diesel,105000,Manuelle,Zeralda,16,,,2026-10-04 11:30,2026-10-05 11:30,2026-10-05 11:30,voitures,https://www.ouedkniss.com/voitures-dacia-duster-2014-zeralda-alger-algerie-d57983097
57902334,Yamaha MT09 2022,Yamaha,MT09,2022,210,210,,,19500,,Khemis miliana,44,,1,2026-10-04 11:30,2026-10-05 11:30,2026-10-05 11:30,motos,https://www.ouedkniss.com/motos-scooters-yamaha-mt09-2022-khemis-miliana-ain-defla-algerie-d57902334
57781584,Citroen C3 2023 Max,Citroen,C3,2023,365,365,1.2 110ch,Essence,20000,Manuelle,Skikda,21,,,2026-10-04 11:30,2026-10-05 11:30,2026-10-05 11:30,voitures,https://www.ouedkniss.com/voitures-citroen-c3-2023-max-skikda-algerie-d57781584
58028934,Geely Emgrand 2025 Exclusive,Geely,Emgrand,2025,370,370,1.5 Ess 121ch CVT,Essence,15000,Manuelle,Mila,43,,,2026-10-04 11:30,2026-10-05 11:30,2026-10-05 11:30,voitures,https://www.ouedkniss.com/voitures-geely-emgrand-2025-exclusive-mila-algerie-d58028934
58033125,Peugeot 207 2012 New Active,Peugeot,207,2012,265,265,1.4 ess 75ch,Essence,132000,Manuelle,El kharrouba,35,,,2026-10-04 11:30,2026-10-05 11:30,2026-10-05 11:30,voitures,https://www.ouedkniss.com/voitures-peugeot-207-2012-new-active-el-kharrouba-boumerdes-algerie-d58033125
57987468,Fiat 500 2024 Dolcevita Plus,Fiat,500,2024,268,268,"1,0 Hybrid 70ch",Essence,55000,Manuelle,Cheraga,16,,,2026-10-04 11:30,2026-10-05 11:30,2026-10-05 11:30,voitures,https://www.ouedkniss.com/voitures-fiat-500-2024-dolcevita-plus-cheraga-alger-algerie-d57987468
57210660,Renault Clio5 2021 Business,Renault,Clio5,2021,332,332,1.0 turbo,Essence,96000,Manuelle,Rouiba,16,,4,2026-10-04 11:30,2026-10-05 11:30,2026-10-05 11:30,voitures,https://www.ouedkniss.com/voitures-renault-clio5-2021-business-rouiba-alger-algerie-d57210660
57797784,Renault Master 2021 L3H2,Renault,Master,2021,222,222,2.3 DCi 125ch,Diesel,116000,Manuelle,Setif,19,,,2026-10-04 11:30,2026-10-05 11:30,2026-10-05 11:30,utilitaire,https://www.ouedkniss.com/utilitaire-renault-master-2021-l3h2-setif-algerie-d57797784
57894591,Fiat 500 2024 CLUB,Fiat,500,2024,295,295,"1,0 Hybrid 70ch",Essence,52000,Manuelle,Bir el djir,31,,,2026-10-04 11:30,2026-10-05 11:30,2026-10-05 11:30,voitures,https://www.ouedkniss.com/voitures-fiat-500-2024-club-bir-el-djir-oran-algerie-d57894591
57722607,Peugeot 2008 2018 GT LINE,Peugeot,2008,2008,300,300,1.2 turbo,Essence,36000,Automatique,Setif,19,,2,2026-10-04 11:30,2026-10-05 11:30,2026-10-05 11:30,voitures,https://www.ouedkniss.com/voitures-peugeot-2008-2018-gt-line-setif-algerie-d57722607
57984186,Seat Ibiza 2018 STYLE,Seat,Ibiza,2018,360,360,1.6 MPi 110 ch,Essence,129000,Manuelle,Bouzareah,16,,,2026-10-04 11:30,2026-10-05 11:30,2026-10-05 11:30,voitures,https://www.ouedkniss.com/voitures-seat-ibiza-2018-style-bouzareah-alger-algerie-d57984186
57345717,Renault Clio 4 2018 Limited,Renault,Clio 4,2018,310,310,0.9 tce 90 ch,Essence,123000,Manuelle,Ben aknoun,16,,2,2026-10-04 11:30,2026-10-05 11:30,2026-10-05 11:30,voitures,https://www.ouedkniss.com/voitures-renault-clio-4-2018-limited-ben-aknoun-alger-algerie-d57345717
57781002,Geely GX3 PRO 2024 Drive,Geely,GX3 Pro,2024,250,250,"1,5 ess 102ch MT",Essence,35000,Manuelle,Msila,28,,,2026-10-04 11:30,2026-10-05 11:30,2026-10-05 11:30,voitures,https://www.ouedkniss.com/voitures-geely-gx3-pro-2024-drive-msila-algerie-d57781002
57478365,Fiat 500 2025 Dolcevita MIB,Fiat,500,2025,308,308,"1,0 Hybrid 70ch",Essence,20000,Manuelle,Souidania,16,,,2026-10-04 11:30,2026-10-05 11:30,2026-10-05 11:30,voitures,https://www.ouedkniss.com/voitures-fiat-500-2025-dolcevita-mib-souidania-alger-algerie-d57478365
58061409,Renault Arkana 2023 Itens,Renault,Arkana,2023,320,320,1.6 E-Tech 145ch,Essence,80000,Automatique,Taher,18,,,2026-10-03 11:30,2026-10-05 11:30,2026-10-05 11:36,voitures,https://www.ouedkniss.com/voitures-renault-arkana-2023-itens-taher-jijel-algerie-d58061409
58060416,Renault Arkana 2023 Itens,Renault,Arkana,2023,335,335,1.6 E-Tech 145ch,Essence,73000,Automatique,Taher,18,,,2026-10-03 11:30,2026-10-05 11:30,2026-10-05 11:36,voitures,https://www.ouedkniss.com/voitures-renault-arkana-2023-itens-taher-jijel-algerie-d58060416
57858942,Seat Ibiza 2017 High Facelift,Seat,Ibiza,2017,365,365,1.6 MPi 110 ch,Essence,133000,Manuelle,El biar,16,,,2026-10-03 11:30,2026-10-05 11:30,2026-10-05 11:36,voitures,https://www.ouedkniss.com/voitures-seat-ibiza-2017-high-facelift-el-biar-alger-algerie-d57858942
57320397,Renault Clio 4 2018 Limited,Renault,Clio 4,2018,330,330,1.5 DCI 85ch,Diesel,128000,Manuelle,Ain benian,16,,4,2026-10-03 11:30,2026-10-05 11:30,2026-10-05 11:36,voitures,https://www.ouedkniss.com/voitures-renault-clio-4-2018-limited-ain-benian-alger-algerie-d57320397
57977727,Fiat 500x 2023 Club,Fiat,500X,2023,360,360,1.4l MultiAir ess 140ch DCT,Essence,84000,Automatique,Ksar boukhari,26,,,2026-10-03 11:30,2026-10-05 11:30,2026-10-05 11:30,voitures,https://www.ouedkniss.com/voitures-fiat-500x-2023-club-ksar-boukhari-medea-algerie-d57977727
57861027,Suzuki Swift 2022 Swift,Suzuki,Swift,2022,320,320,1.3 VVT 94ch,Essence,96000,Automatique,Rouiba,16,,,2026-10-03 11:30,2026-10-05 11:30,2026-10-05 11:30,voitures,https://www.ouedkniss.com/voitures-suzuki-swift-2022-rouiba-alger-algerie-d57861027
58060851,Seat Leon 2013 Fr+,Seat,Leon,2013,240,240,2.0 TDI 143ch,Diesel,55000,Manuelle,Baraki,16,,1,2026-10-03 11:30,2026-10-05 11:30,2026-10-05 11:30,voitures,https://www.ouedkniss.com/voitures-seat-leon-2013-fr-baraki-alger-algerie-d58060851
58068285,Volkswagen Polo 2014 Life,Volkswagen,Polo,2014,330,330,1.4 ess 85ch,Essence,109900,Manuelle,Rouiba,16,,,2026-10-03 11:30,2026-10-05 11:30,2026-10-05 11:30,voitures,https://www.ouedkniss.com/voitures-volkswagen-polo-2014-life-rouiba-alger-algerie-d58068285
58068177,Suzuki Swift 2014 Swift,Suzuki,Swift,2014,240,240,1.3 VVT 94ch,Essence,143000,Manuelle,Oran,31,,,2026-10-03 11:30,2026-10-05 11:30,2026-10-05 11:30,voitures,https://www.ouedkniss.com/voitures-suzuki-swift-2014-oran-algerie-d58068177
58068156,Fiat Tipo Sedan 2023 Life,Fiat,Tipo Sedan,2023,352,352,1.6 eTorq 110ch BVA,Essence,109000,Automatique,Ain smara,25,,,2026-10-03 11:30,2026-10-05 11:30,2026-10-05 11:30,voitures,https://www.ouedkniss.com/voitures-fiat-tipo-sedan-2023-life-ain-smara-constantine-algerie-d58068156
58068090,Fiat 500 2024,Fiat,500,2024,310,310,"1,0 Hybrid 70ch",Essence,27000,Manuelle,Cheraga,16,,,2026-10-03 11:30,2026-10-05 11:30,2026-10-05 11:30,voitures,https://www.ouedkniss.com/voitures-fiat-500-2024-cheraga-alger-algerie-d58068090
58070379,Fiat 500 2024 Dolcevita MIB,Fiat,500,2024,267,267,"1,0 Hybrid 70ch",Essence,78000,Manuelle,Bir el djir,31,,,2026-10-03 11:30,2026-10-05 11:30,2026-10-05 11:30,voitures,https://www.ouedkniss.com/voitures-fiat-500-2024-dolcevita-mib-bir-el-djir-oran-algerie-d58070379
58069155,Seat Ibiza 2018 High Facelift,Seat,Ibiza,2018,320,320,1.6 MPi 110 ch,Essence,37600,Manuelle,Draa kebila,19,,,2026-10-03 11:30,2026-10-05 11:30,2026-10-05 11:30,voitures,https://www.ouedkniss.com/voitures-seat-ibiza-2018-high-facelift-draa-kebila-setif-algerie-d58069155
58067790,Hyundai Grand I10 2018 Restylée DZ,Hyundai,Grand i10,2018,303,303,1.2 ess 87ch,Essence,147000,Manuelle,Setif,19,,,2026-10-03 11:30,2026-10-05 11:30,2026-10-05 11:30,voitures,https://www.ouedkniss.com/voitures-hyundai-grand-i10-2018-restylee-dz-setif-algerie-d58067790
58067754,Dacia Sandero 2019 Stepway Restylée,Dacia,Sandero,2019,355,355,1.5 DCI 90ch,Diesel,122000,Manuelle,Ben Azzouz,21,,,2026-10-03 11:30,2026-10-05 11:30,2026-10-05 11:30,voitures,https://www.ouedkniss.com/voitures-dacia-sandero-2019-stepway-restylee-ben-azzouz-skikda-algerie-d58067754
58067733,Livan X3 Pro 2025 Automatique (Avec Toi Ouvrant ),Livan,X3 Pro,2025,310,310,1.5 ess 113ch,Essence,30000,Automatique,Setif,19,,,2026-10-03 11:30,2026-10-05 11:30,2026-10-05 11:30,voitures,https://www.ouedkniss.com/voitures-livan-x3-pro-2025-automatique-avec-toi-ouvrant-setif-algerie-d58067733
58067118,Fiat 500 2023 Dolcevita Plus,Fiat,500,2023,263,263,"1,0 Hybrid 70ch",Essence,82000,Manuelle,Draa ben khedda,15,,,2026-10-03 11:30,2026-10-05 11:30,2026-10-05 11:30,voitures,https://www.ouedkniss.com/voitures-fiat-500-2023-dolcevita-plus-draa-ben-khedda-tizi-ouzou-algerie-d58067118
58067628,Fiat 500 2023 Dolcevita Plus,Fiat,500,2023,265,265,"1,0 Hybrid 70ch",Essence,98000,Manuelle,Chaabet el ham,46,,,2026-10-03 11:30,2026-10-05 11:30,2026-10-05 11:30,voitures,https://www.ouedkniss.com/voitures-fiat-500-2023-dolcevita-plus-chaabet-el-ham-ain-temouchent-algerie-d58067628
57718047,Hyundai I20 2022 Extrême,Hyundai,i20,2022,260,260,1.0 TDGI 100,Essence,99000,Manuelle,Tipaza,42,,1,2026-10-03 11:30,2026-10-05 11:30,2026-10-05 11:30,voitures,https://www.ouedkniss.com/voitures-hyundai-i20-2022-extreme-tipaza-algerie-d57718047
57957852,Hyundai I10 2024,Hyundai,i10,2024,310,310,,Essence,35000,Manuelle,Birkhadem,16,,,2026-10-03 11:30,2026-10-05 11:30,2026-10-05 11:30,voitures,https://www.ouedkniss.com/voitures-hyundai-i10-2024-birkhadem-alger-algerie-d57957852
57795231,Citroen C3 2021 SHINE,Citroen,C3,2021,305,305,1.2 PureTech 83ch,Essence,130000,Manuelle,Bouzareah,16,,,2026-10-03 11:30,2026-10-05 11:30,2026-10-05 11:30,voitures,https://www.ouedkniss.com/voitures-citroen-c3-2021-shine-bouzareah-alger-algerie-d57795231
58069677,Hyundai I10 2014 I10,Hyundai,i10,2014,265,265,,Essence,92000,Manuelle,Ouled benabdelkader,2,,,2026-10-03 11:30,2026-10-05 11:30,2026-10-05 11:30,voitures,https://www.ouedkniss.com/voitures-hyundai-i10-2014-ouled-benabdelkader-chlef-algerie-d58069677
57967077,Seat Ibiza 2018 Style Facelift,Seat,Ibiza,2018,370,370,1.6 MPi 110 ch,Essence,126000,Manuelle,Bordj el kiffan,16,,,2026-10-03 11:30,2026-10-05 11:30,2026-10-05 11:30,voitures,https://www.ouedkniss.com/voitures-seat-ibiza-2018-style-facelift-bordj-el-kiffan-alger-algerie-d57967077
58069656,Fiat 500 2024,Fiat,500,2024,310,310,"1,0 Hybrid 70ch",Essence,27000,Manuelle,Cheraga,16,,,2026-10-03 11:30,2026-10-05 11:30,2026-10-05 11:30,voitures,https://www.ouedkniss.com/voitures-fiat-500-2024-cheraga-alger-algerie-d58069656
58069521,Fiat 500 2023 Dolcevita Plus,Fiat,500,2023,275,275,"1,0 Hybrid 70ch",Hybride,79000,Manuelle,El eulma,19,,,2026-10-03 11:30,2026-10-05 11:30,2026-10-05 11:30,voitures,https://www.ouedkniss.com/voitures-fiat-500-2023-dolcevita-plus-el-eulma-setif-algerie-d58069521
57910056,Fiat Tipo Sedan 2023 Life,Fiat,Tipo Sedan,2023,330,330,1.6 eTorq 110ch BVA,Essence,82000,Automatique,Batna,5,,,2026-10-03 11:30,2026-10-05 11:30,2026-10-05 11:30,voitures,https://www.ouedkniss.com/voitures-fiat-tipo-sedan-2023-life-batna-algerie-d57910056
58030284,Chery Tiggo 4 Pro 2024 Comfort,Chery,Tiggo 4 Pro,2024,343,343,1.5 ess 113ch,GPL,92000,Manuelle,Azzaba,21,,,2026-10-03 11:30,2026-10-05 11:30,2026-10-05 11:30,voitures,https://www.ouedkniss.com/voitures-chery-tiggo-4-pro-2024-comfort-azzaba-skikda-algerie-d58030284
58067442,BMW BMW Gs 1250 Adventure 2019,BMW,BMW Gs,2019,320,320,,,37000,Manuelle,Mekla,15,,,2026-10-03 11:30,2026-10-05 11:30,2026-10-05 11:30,motos,https://www.ouedkniss.com/motos-scooters-bmw-gs-1250-adventure-2019-mekla-tizi-ouzou-algerie-d58067442
58068552,Peugeot Partner 2019 Tepee,Peugeot,Partner,2019,233,233,1.6 HDI 90ch,Diesel,70000,Manuelle,Tazmaltdaira,6,,1,2026-10-03 11:30,2026-10-05 11:30,2026-10-05 11:30,voitures,https://www.ouedkniss.com/voitures-peugeot-partner-2019-tepee-tazmaltdaira-bejaia-algerie-d58068552
58066812,Fiat Tipo Sedan 2023 City,Fiat,Tipo Sedan,2023,378,378,1.6 eTorq 110ch BVA,Essence,95000,Automatique,Biskra,7,,,2026-10-03 11:30,2026-10-05 11:30,2026-10-05 11:30,voitures,https://www.ouedkniss.com/voitures-fiat-tipo-sedan-2023-city-biskra-algerie-d58066812
58066650,Opel Corsa 2021 Corsa,Opel,Corsa,2021,310,310,1.2 ess 85ch,Essence,105000,Manuelle,Staoueli,16,,,2026-10-03 11:30,2026-10-05 11:30,2026-10-05 11:30,voitures,https://www.ouedkniss.com/voitures-opel-corsa-2021-staoueli-alger-algerie-d58066650
58066530,Seat Ibiza 2013 Sport Edition,Seat,Ibiza,2013,295,295,1.4 ess 85ch,Essence,127000,Manuelle,Rouiba,16,,,2026-10-03 11:30,2026-10-05 11:30,2026-10-05 11:30,voitures,https://www.ouedkniss.com/voitures-seat-ibiza-2013-sport-edition-rouiba-alger-algerie-d58066530
57854760,Honda XADV,Honda,XADV,,200,200,,,33000,,Bejaia,6,,1,2026-10-03 11:30,2026-10-05 11:30,2026-10-05 11:30,motos,https://www.ouedkniss.com/motos-scooters-honda-xadv-bejaia-algerie-d57854760
57777246,Fiat 500x 2024 Club,Fiat,500X,2024,365,365,1.4l MultiAir ess 140ch DCT,Essence,54000,Automatique,Kouba,16,,,2026-10-03 11:30,2026-10-05 11:30,2026-10-05 11:30,voitures,https://www.ouedkniss.com/voitures-fiat-500x-2024-club-kouba-alger-algerie-d57777246
50928934,Fiat Tipo Sedan 2023 Life,Fiat,Tipo Sedan,2023,365,365,1.6 eTorq 110ch BVA,GPL,70000,Automatique,Birkhadem,16,,3,2026-10-03 11:30,2026-10-05 11:30,2026-10-05 11:30,voitures,https://www.ouedkniss.com/voitures-fiat-tipo-sedan-2023-life-birkhadem-alger-algerie-d50928934
58044357,Hyundai Atos 2009 GLS,Hyundai,Atos,2009,220,220,1.1 ess 63ch,Essence,117000,Manuelle,Akbou,6,,,2026-10-03 11:30,2026-10-05 11:30,2026-10-05 11:30,voitures,https://www.ouedkniss.com/voitures-hyundai-atos-2009-gls-akbou-bejaia-algerie-d58044357
58066068,Geely GX3 PRO 2024 Drive,Geely,GX3 Pro,2024,295,295,115,Essence,76000,Manuelle,Ouled Djellal,51,,,2026-10-03 11:30,2026-10-05 11:30,2026-10-05 11:30,voitures,https://www.ouedkniss.com/voitures-geely-gx3-pro-2024-drive-ouled-djellal-algerie-d58066068
58046751,Renault Clio 5 2021,Renault,Clio 5,2021,350,350,,Essence,105000,Manuelle,El karimia,2,,,2026-10-03 11:30,2026-10-05 11:30,2026-10-05 11:30,voitures,https://www.ouedkniss.com/voitures-renault-clio-5-2021-el-karimia-chlef-algerie-d58046751
57625590,Dacia Sandero 2019 Stepway,Dacia,Sandero,2019,370,370,1.6 ess 90ch,Essence,85000,Manuelle,Bordj el kiffan,16,,,2026-10-03 11:30,2026-10-05 11:30,2026-10-05 11:30,voitures,https://www.ouedkniss.com/voitures-dacia-sandero-2019-stepway-bordj-el-kiffan-alger-algerie-d57625590
58064301,Hyundai I20 2019 Prestige,Hyundai,i20,2019,280,280,1.4 CRDI 75ch,Diesel,104000,Manuelle,Bordj el kiffan,16,,,2026-10-03 11:30,2026-10-05 11:30,2026-10-05 11:30,voitures,https://www.ouedkniss.com/voitures-hyundai-i20-2019-prestige-bordj-el-kiffan-alger-algerie-d58064301
57881763,Fiat Tipo Sedan 2023,Fiat,Tipo Sedan,2023,333,333,1.6 eTorq 110ch BVA,GPL,77500,Automatique,Kherrata,6,,,2026-10-03 11:30,2026-10-05 11:30,2026-10-05 11:30,voitures,https://www.ouedkniss.com/voitures-fiat-tipo-sedan-2023-kherrata-bejaia-algerie-d57881763
58064982,Dacia Sandero 2019 Stepway,Dacia,Sandero,2019,330,330,1.5 DCI 90ch,Diesel,108000,Manuelle,Bir el djir,31,,,2026-10-03 11:30,2026-10-05 11:30,2026-10-05 11:30,voitures,https://www.ouedkniss.com/voitures-dacia-sandero-2019-stepway-bir-el-djir-oran-algerie-d58064982
58064955,Fiat 500 2023 CLUB,Fiat,500,2023,298,298,"1,0 Hybrid 70ch",Essence,32000,Manuelle,Cherchell,42,,,2026-10-03 11:30,2026-10-05 11:30,2026-10-05 11:30,voitures,https://www.ouedkniss.com/voitures-fiat-500-2023-club-cherchell-tipaza-algerie-d58064955
58058217,Fiat 500 2023 CLUB,Fiat,500,2023,260,260,"1,0 Hybrid 70ch",Essence,133000,Manuelle,Ain naadja,16,,,2026-10-03 11:30,2026-10-05 11:30,2026-10-05 11:30,voitures,https://www.ouedkniss.com/voitures-fiat-500-2023-club-ain-naadja-alger-algerie-d58058217
58058202,Volkswagen T-Cross 2024 Comfort,Volkswagen,T-Cross,2024,375,375,1.5 MPI 115 ch,Essence,90000,Automatique,El attaf,44,,,2026-10-03 11:30,2026-10-05 11:30,2026-10-05 11:30,voitures,https://www.ouedkniss.com/voitures-volkswagen-t-cross-2024-comfort-el-attaf-ain-defla-algerie-d58058202
51958293,Citroen C3 2022 SHINE,Citroen,C3,2022,345,345,,Essence,36000,Manuelle,Tlemcen,13,,4,2026-10-03 11:30,2026-10-05 11:30,2026-10-05 11:30,voitures,https://www.ouedkniss.com/voitures-citroen-c3-2022-shine-tlemcen-algerie-d51958293
58030011,Skoda Kamiq 2023,Skoda,Kamiq,2023,380,380,,Essence,88000,Manuelle,Bejaia,6,,,2026-10-03 11:30,2026-10-05 11:30,2026-10-05 11:30,voitures,https://www.ouedkniss.com/voitures-skoda-kamiq-2023-bejaia-algerie-d58030011
58063203,Fiat 500 2024,Fiat,500,2024,288,288,"1,0 Hybrid 70ch",Essence,37000,Manuelle,Mostaganem,27,,2,2026-10-03 11:30,2026-10-05 11:30,2026-10-05 11:30,voitures,https://www.ouedkniss.com/voitures-fiat-500-2024-mostaganem-algerie-d58063203
57776304,Citroen 2024 2024,Citroen,Other,2024,350,350,1.2 / 110,Essence,57000,Manuelle,Skikda,21,,,2026-10-03 11:30,2026-10-05 11:30,2026-10-05 11:30,voitures,https://www.ouedkniss.com/voitures-citroen-2024-skikda-algerie-d57776304
58062276,Peugeot 208 2018 Allure Facelift,Peugeot,208,2018,327,327,1.6 HDI 92ch,Diesel,150000,Manuelle,Mansourah,13,,,2026-10-03 11:30,2026-10-05 11:30,2026-10-05 11:30,voitures,https://www.ouedkniss.com/voitures-peugeot-208-2018-allure-facelift-mansourah-tlemcen-algerie-d58062276
45831922,Fiat Tipo Sedan 2023 Life (Boîte Automatique),Fiat,Tipo Sedan,2023,365,365,1.6 110ch energie-3 Gris Argent,,70000,Automatique,Birkhadem,16,,12,2026-10-03 11:30,2026-10-05 11:30,2026-10-05 11:30,voitures,https://www.ouedkniss.com/voitures-fiat-tipo-sedan-2023-life-boite-automatique-birkhadem-alger-algerie-d45831922
57601281,Kia X-Ceed 2021,Kia,X-Ceed,2021,375,375,1.0 T-GDI 120ch,Essence,114000,Manuelle,Si mustapha,35,,,2026-10-03 11:30,2026-10-05 11:30,2026-10-05 11:30,voitures,https://www.ouedkniss.com/voitures-kia-x-ceed-2021-si-mustapha-boumerdes-algerie-d57601281
58054308,Peugeot 206 2004 206,Peugeot,206,2004,273,273,1.4 ess 75ch,Essence,88000,Manuelle,Boumerdes,35,,,2026-10-03 11:30,2026-10-05 11:30,2026-10-05 11:30,voitures,https://www.ouedkniss.com/voitures-peugeot-206-2004-boumerdes-algerie-d58054308
58026849,Dacia Sandero 2019 Stepway Techroad,Dacia,Sandero,2019,372,372,1.5 DCI 90ch,Diesel,128200,Manuelle,Tlemcen,13,,,2026-10-03 11:30,2026-10-05 11:30,2026-10-05 11:30,voitures,https://www.ouedkniss.com/voitures-dacia-sandero-2019-stepway-techroad-tlemcen-algerie-d58026849
58061859,Citroen C3 2022 SHINE,Citroen,C3,2022,320,320,1.2 PureTech 83ch,Essence,47000,Manuelle,Constantine,25,,1,2026-10-03 11:30,2026-10-05 11:30,2026-10-05 11:30,voitures,https://www.ouedkniss.com/voitures-citroen-c3-2022-shine-constantine-algerie-d58061859
58061829,Renault Clio 4 2015 Limited 2,Renault,Clio 4,2015,335,335,1.5 DCI 85ch,Diesel,39154,Manuelle,Bir el djir,31,,,2026-10-03 11:30,2026-10-05 11:30,2026-10-05 11:30,voitures,https://www.ouedkniss.com/voitures-renault-clio-4-2015-limited-2-bir-el-djir-oran-algerie-d58061829
56951585,Opel Corsa 2022 Dynamic,Opel,Corsa,2022,295,295,1.2 ess 85ch,Essence,74000,Manuelle,Relizane,48,,3,2026-10-03 11:30,2026-10-05 11:30,2026-10-05 11:30,voitures,https://www.ouedkniss.com/voitures-opel-corsa-2022-dynamic-relizane-algerie-d56951585
58058064,Fiat 500 2023 Dolcevita Plus,Fiat,500,2023,264,264,"1,0 Hybrid 70ch",Essence,99000,Manuelle,Dar el beida,16,,,2026-10-03 11:30,2026-10-05 11:30,2026-10-05 11:30,voitures,https://www.ouedkniss.com/voitures-fiat-500-2023-dolcevita-plus-dar-el-beida-alger-algerie-d58058064
53623964,Citroen C3 Aircross 2022 Citi Lyn,Citroen,C3 Aircross,2022,350,350,110 ch,Essence,66000,Manuelle,Kolea,42,,,2026-10-03 11:30,2026-10-05 11:30,2026-10-05 11:30,voitures,https://www.ouedkniss.com/voitures-citroen-c3-aircross-2022-citi-lyn-kolea-tipaza-algerie-d53623964
58057818,Fiat 500x 2024 Club,Fiat,500X,2024,360,360,1.4l MultiAir ess 140ch DCT,Essence,72400,Automatique,Touggourt,55,,,2026-10-03 11:30,2026-10-05 11:30,2026-10-05 11:30,voitures,https://www.ouedkniss.com/voitures-fiat-500x-2024-club-touggourt-algerie-d58057818
57785577,Fiat 500 2024 Dolcevita Plus,Fiat,500,2024,320,320,"1,0 Hybrid 70ch",Hybride,22000,Manuelle,Oran,31,,,2026-10-03 11:30,2026-10-05 11:30,2026-10-05 11:30,voitures,https://www.ouedkniss.com/voitures-fiat-500-2024-dolcevita-plus-oran-algerie-d57785577
56870687,Kia Picanto 2023 Lx Star,Kia,Picanto,2023,370,370,,Essence,37000,Automatique,Ramdane djamel,21,,1,2026-10-03 11:30,2026-10-05 11:30,2026-10-05 11:30,voitures,https://www.ouedkniss.com/voitures-kia-picanto-2023-lx-star-ramdane-djamel-skikda-algerie-d56870687
58057356,Citroen C4 2022 Feel,Citroen,C4,2022,380,380,1.2 PureTech 130ch,Essence,100000,Manuelle,Kolea,42,,,2026-10-03 11:30,2026-10-05 11:30,2026-10-05 11:30,voitures,https://www.ouedkniss.com/voitures-citroen-c4-2022-feel-kolea-tipaza-algerie-d58057356
57716325,Fiat Doblo 2024,Fiat,Doblo,2024,350,350,,Diesel,58700,Manuelle,Khenchela,40,,1,2026-10-03 11:30,2026-10-05 11:30,2026-10-05 11:30,fourgon,https://www.ouedkniss.com/fourgon-fiat-doblo-2024-khenchela-algerie-d57716325
58060749,Kia Picanto 2015 Safety,Kia,Picanto,2015,240,240,1.2 ess CVVT 87ch,Essence,149000,Manuelle,Bordj el bahri,16,,,2026-10-03 11:30,2026-10-05 11:30,2026-10-05 11:30,voitures,https://www.ouedkniss.com/voitures-kia-picanto-2015-safety-bordj-el-bahri-alger-algerie-d58060749
58057200,Hyundai Creta 2017,Hyundai,Creta,2017,380,380,1.6 CRDI 128ch,Diesel,132000,Automatique,Douaouda,42,,,2026-10-03 11:30,2026-10-05 11:30,2026-10-05 11:30,voitures,https://www.ouedkniss.com/voitures-hyundai-creta-2017-douaouda-tipaza-algerie-d58057200
58057146,Chevrolet Aveo 4 Portes 2006,Chevrolet,Aveo,2006,215,215,1.5 ess 85ch,Essence,51000,Manuelle,Sidi mhamed,16,,,2026-10-03 11:30,2026-10-05 11:30,2026-10-05 11:30,voitures,https://www.ouedkniss.com/voitures-chevrolet-aveo-4-portes-2006-sidi-mhamed-alger-algerie-d58057146
58019271,Seat Ibiza 2019 Ibiza,Seat,Ibiza,2019,372,372,1.6 MPi 110 ch,Essence,116000,Manuelle,Tiaret,14,,,2026-10-03 11:30,2026-10-05 11:30,2026-10-05 11:30,voitures,https://www.ouedkniss.com/voitures-seat-ibiza-2019-tiaret-algerie-d58019271
57976200,Renault Symbol 2016,Renault,Symbol,2016,290,290,1.6 ess 100ch,GPL,115000,Manuelle,Aflou,3,,,2026-10-03 11:30,2026-10-05 11:30,2026-10-05 11:30,voitures,https://www.ouedkniss.com/voitures-renault-symbol-2016-aflou-laghouat-algerie-d57976200
58058505,Fiat 500 2025,Fiat,500,2025,285,285,"1,0 Hybrid 70ch",Essence,75000,Manuelle,Ouled el alleug,9,,,2026-10-03 11:30,2026-10-05 11:30,2026-10-05 11:30,voitures,https://www.ouedkniss.com/voitures-fiat-500-2025-ouled-el-alleug-blida-algerie-d58058505
57668199,Suzuki Swift 2022 Swift,Suzuki,Swift,2022,308,308,1.2 VVT 85ch BVA,Essence,143000,Automatique,Batna,5,,,2026-10-03 11:30,2026-10-05 11:30,2026-10-05 11:30,voitures,https://www.ouedkniss.com/voitures-suzuki-swift-2022-batna-algerie-d57668199
58060068,Citroen C3 2024,Citroen,C3,2024,360,360,1.2,Essence,38000,Manuelle,Bir el djir,31,,,2026-10-03 11:30,2026-10-05 11:30,2026-10-05 11:30,voitures,https://www.ouedkniss.com/voitures-citroen-c3-2024-bir-el-djir-oran-algerie-d58060068
58060041,Dacia Sandero 2017 Stepway,Dacia,Sandero,2017,330,330,1.6 ess 90ch,Essence,101000,Manuelle,Beni saf,46,,,2026-10-03 11:30,2026-10-05 11:30,2026-10-05 11:30,voitures,https://www.ouedkniss.com/voitures-dacia-sandero-2017-stepway-beni-saf-ain-temouchent-algerie-d58060041
57987222,Fiat 500 2025 Dolcevita MIB,Fiat,500,2025,295,295,"1,0 Hybrid 70ch",Essence,23000,,Mansourah,13,,,2026-10-03 11:30,2026-10-05 11:30,2026-10-05 11:30,voitures,https://www.ouedkniss.com/voitures-fiat-500-2025-dolcevita-mib-mansourah-tlemcen-algerie-d57987222
57426555,Renault Clio5 2022 Équilibre,Renault,Clio5,2022,335,335,1.0,Essence,91000,Manuelle,Lakhdaria,10,,,2026-10-03 11:30,2026-10-05 11:30,2026-10-05 11:30,voitures,https://www.ouedkniss.com/voitures-renault-clio5-2022-equilibre-lakhdaria-bouira-algerie-d57426555
57327366,Seat Ibiza 2013 Fully,Seat,Ibiza,2013,292,292,1.4 ess 85ch,Essence,122000,Manuelle,El achour,16,,1,2026-10-03 11:30,2026-10-05 11:30,2026-10-05 11:30,voitures,https://www.ouedkniss.com/voitures-seat-ibiza-2013-fully-el-achour-alger-algerie-d57327366
56863772,Fiat 500 2025 Cult MIB,Fiat,500,2025,295,295,"1,0 Hybrid 70ch",Essence,25000,Manuelle,Ain benian,16,,,2026-10-03 11:30,2026-10-05 11:30,2026-10-05 11:30,voitures,https://www.ouedkniss.com/voitures-fiat-500-2025-cult-mib-ain-benian-alger-algerie-d56863772
58057068,Peugeot 308 2015 Access,Peugeot,308,2015,350,350,1.6 HDI 112ch,Diesel,52000,Manuelle,Birkhadem,16,,1,2026-10-03 11:30,2026-10-05 11:30,2026-10-05 11:30,voitures,https://www.ouedkniss.com/voitures-peugeot-308-2015-access-birkhadem-alger-algerie-d58057068
57108783,Chery Tiggo 2 Pro 2024 Comfort,Chery,Tiggo 2 Pro,2024,287,287,1.5 ess 108ch,Essence,50000,Automatique,Dely brahim,16,,1,2026-10-03 11:30,2026-10-05 11:30,2026-10-05 11:30,voitures,https://www.ouedkniss.com/voitures-chery-tiggo-2-pro-2024-comfort-dely-brahim-alger-algerie-d57108783
57422283,Fiat Tipo Sedan 2023 City,Fiat,Tipo Sedan,2023,340,340,1.6 eTorq 110ch BVA,Essence,79000,Automatique,Hassi messaoud,30,,,2026-10-03 11:30,2026-10-05 11:30,2026-10-05 11:30,voitures,https://www.ouedkniss.com/voitures-fiat-tipo-sedan-2023-city-hassi-messaoud-ouargla-algerie-d57422283
57386001,BMW Série 1 2013,BMW,Serie 1,2013,305,305,114i,Essence,112000,Manuelle,El taref,36,,2,2026-10-03 11:30,2026-10-05 11:30,2026-10-05 11:30,voitures,https://www.ouedkniss.com/voitures-bmw-serie-1-2013-el-taref-tarf-algerie-d57386001
58056018,Chery Tiggo 4 Pro 2024 Comfort,Chery,Tiggo 4 Pro,2024,320,320,1.5 ess 113ch,Essence,39000,Manuelle,Annaba,23,,,2026-10-03 11:30,2026-10-05 11:30,2026-10-05 11:30,voitures,https://www.ouedkniss.com/voitures-chery-tiggo-4-pro-2024-comfort-annaba-algerie-d58056018
56895320,Hyundai Grand I10 2019 DZ,Hyundai,Grand i10,2019,255,255,1.2 ess 87ch,Essence,106000,Manuelle,Setif,19,,1,2026-10-03 11:30,2026-10-05 11:30,2026-10-05 11:30,voitures,https://www.ouedkniss.com/voitures-hyundai-grand-i10-2019-dz-setif-algerie-d56895320
58056633,Fiat Tipo Sedan 2023 Urban,Fiat,Tipo Sedan,2023,360,360,1.6 eTorq 110ch BVA,GPL,47000,Automatique,Ain benian,16,,,2026-10-03 11:30,2026-10-05 11:30,2026-10-05 11:30,voitures,https://www.ouedkniss.com/voitures-fiat-tipo-sedan-2023-urban-ain-benian-alger-algerie-d58056633
58056591,Fiat 500x 2024 Club,Fiat,500X,2024,360,360,1.4l MultiAir ess 140ch DCT,Essence,72500,Automatique,Touggourt,55,,,2026-10-03 11:30,2026-10-05 11:30,2026-10-05 11:30,voitures,https://www.ouedkniss.com/voitures-fiat-500x-2024-club-touggourt-algerie-d58056591
56450161,Kia Rio 2021 LX,Kia,Rio,2021,360,360,1.4l ess 100ch BVA,GPL,140000,Automatique,Khenchela,40,,2,2026-10-03 11:30,2026-10-05 11:30,2026-10-05 11:30,voitures,https://www.ouedkniss.com/voitures-kia-rio-2021-lx-khenchela-algerie-d56450161
58038195,Hyundai Grand I10 2019 DZ,Hyundai,Grand i10,2019,308,308,1.2 ess 87ch,Essence,150000,Manuelle,Batna,5,,,2026-10-03 11:30,2026-10-05 11:30,2026-10-05 11:30,voitures,https://www.ouedkniss.com/voitures-hyundai-grand-i10-2019-dz-batna-algerie-d58038195
53398202,Livan X3 Pro 2025 Automatique (Avec Toi Ouvrant ),Livan,X3 Pro,2025,340,340,1.5 ess 113ch,GPL,19000,Automatique,Berhoum,28,,3,2026-10-03 11:30,2026-10-05 11:30,2026-10-05 11:30,voitures,https://www.ouedkniss.com/voitures-livan-x3-pro-2025-automatique-avec-toi-ouvrant-berhoum-msila-algerie-d53398202
57954678,Citroen Berlingo 2010 Berlingo,Citroen,Berlingo,2010,254,254,1.9 D 71ch,Diesel,30000,Manuelle,Boghar,26,,1,2026-10-03 11:30,2026-10-05 11:30,2026-10-05 11:30,voitures,https://www.ouedkniss.com/voitures-citroen-berlingo-2010-boghar-medea-algerie-d57954678
58055577,MG MG5 2025 MG5 Luxury Edition,MG,MG5,2025,360,360,1.5 Ess 128CH - 180DVVT,Essence,42000,Automatique,Birtouta,16,,,2026-10-03 11:30,2026-10-05 11:30,2026-10-05 11:30,voitures,https://www.ouedkniss.com/voitures-mg-mg5-2025-luxury-edition-birtouta-alger-algerie-d58055577
58055547,Peugeot 207 2011 Active,Peugeot,207,2011,260,260,1.4 ess 75ch,Essence,83000,Manuelle,Dar el beida,16,,,2026-10-03 11:30,2026-10-05 11:30,2026-10-05 11:30,voitures,https://www.ouedkniss.com/voitures-peugeot-207-2011-active-dar-el-beida-alger-algerie-d58055547
57700782,Suzuki Swift 2025 GL Plus,Suzuki,Swift,2025,370,370,1.2 / 4 cilender,Essence,21000,Automatique,Annaba,23,,1,2026-10-03 11:30,2026-10-05 11:30,2026-10-05 11:30,voitures,https://www.ouedkniss.com/voitures-suzuki-swift-2025-gl-plus-annaba-algerie-d57700782
57376005,Livan X3 Pro 2025 Manuelle (Sans Toit Ouvrant),Livan,X3 Pro,2025,312,312,1.5 ess 113ch,Essence,31000,Manuelle,Setif,19,,,2026-10-03 11:30,2026-10-05 11:30,2026-10-05 11:30,voitures,https://www.ouedkniss.com/voitures-livan-x3-pro-2025-manuelle-sans-toit-ouvrant-setif-algerie-d57376005
51240853,Renault Clio 5 2021 Business,Renault,Clio 5,2021,340,340,1.0 75chv,Essence,119000,Manuelle,Bordj bou arreridj,34,,,2026-10-03 11:30,2026-10-05 11:30,2026-10-05 11:30,voitures,https://www.ouedkniss.com/voitures-renault-clio-5-2021-business-bordj-bou-arreridj-algerie-d51240853
58036200,Suzuki Swift 2022 Swift,Suzuki,Swift,2022,320,320,1.2 VVT 85ch,Essence,63881,Automatique,Alger centre,16,,,2026-10-03 11:30,2026-10-05 11:30,2026-10-05 11:30,voitures,https://www.ouedkniss.com/voitures-suzuki-swift-2022-alger-centre-algerie-d58036200
54464222,Peugeot Partner 2014 Origin,Peugeot,Partner,2014,260,260,1.6 HDI 90ch,Diesel,31100,Manuelle,Ouled el kheir,27,,,2026-10-03 11:30,2026-10-05 11:30,2026-10-05 11:30,voitures,https://www.ouedkniss.com/voitures-peugeot-partner-2014-origin-ouled-el-kheir-mostaganem-algerie-d54464222
57877881,Fiat 500 2023 Dolcevita Plus,Fiat,500,2023,260,260,"1,0 Hybrid 70ch",Hybride,80000,Manuelle,El bouni,23,,,2026-10-03 11:30,2026-10-05 11:30,2026-10-05 11:30,voitures,https://www.ouedkniss.com/voitures-fiat-500-2023-dolcevita-plus-el-bouni-annaba-algerie-d57877881
58055958,Renault Symbol 2018 Made In Bladi,Renault,Symbol,2018,355,355,1.5 Dci 85ch,Diesel,125000,Manuelle,Laghouat,3,,,2026-10-03 11:30,2026-10-05 11:30,2026-10-05 11:30,voitures,https://www.ouedkniss.com/voitures-renault-symbol-2018-made-in-bladi-laghouat-algerie-d58055958
58054029,Livan X3 Pro 2025 Automatique (Avec Toi Ouvrant ),Livan,X3 Pro,2025,307,307,1.5 ess 113ch,Essence,44000,Automatique,Oran,31,,,2026-10-03 11:30,2026-10-05 11:30,2026-10-05 11:30,voitures,https://www.ouedkniss.com/voitures-livan-x3-pro-2025-automatique-avec-toi-ouvrant-oran-algerie-d58054029
44063887,Fiat 500x 2023 Club,Fiat,500X,2023,365,365,Bleu,Essence,74000,Automatique,Constantine,25,,4,2026-10-03 11:30,2026-10-05 11:30,2026-10-05 11:30,voitures,https://www.ouedkniss.com/voitures-fiat-500x-2023-club-constantine-algerie-d44063887
57104928,Citroen Berlingo Multispace 2013 Exclusif,Citroen,Berlingo,2013,365,365,1.6 HDI 90ch,Diesel,104000,Manuelle,Bechar,8,,,2026-10-03 11:30,2026-10-05 11:30,2026-10-05 11:30,voitures,https://www.ouedkniss.com/voitures-citroen-berlingo-multispace-2013-exclusif-bechar-algerie-d57104928
57701718,Peugeot 206 Plus 2013 Generation,Peugeot,206,2013,230,230,1.1 ess 60ch,Essence,141449,Manuelle,Tlemcen,13,,1,2026-10-03 11:30,2026-10-05 11:30,2026-10-05 11:30,voitures,https://www.ouedkniss.com/voitures-peugeot-206-plus-2013-generation-tlemcen-algerie-d57701718
58054932,Fiat 500 2024 Dolcèvitta Plus,Fiat,500,2024,287,287,1.0,Essence,53000,Manuelle,El Hadaiek,21,,,2026-10-03 11:30,2026-10-05 11:30,2026-10-05 11:30,voitures,https://www.ouedkniss.com/voitures-fiat-500-2024-dolcevitta-plus-el-hadaiek-skikda-algerie-d58054932
55560814,Peugeot 208 2022 Allure,Peugeot,208,2022,370,370,1.6 HDI 92ch,Diesel,118000,Manuelle,Oran,31,,3,2026-10-03 11:30,2026-10-05 11:30,2026-10-05 11:30,voitures,https://www.ouedkniss.com/voitures-peugeot-208-2022-allure-oran-algerie-d55560814
58008819,Audi Q2 2019 S-Ligne,Audi,Q2,2019,222,222,2L 143 chv,Diesel,69000,Automatique,Sidi bel abbes,22,,,2026-10-03 11:30,2026-10-05 11:30,2026-10-05 11:30,voitures,https://www.ouedkniss.com/voitures-audi-q2-2019-s-ligne-sidi-bel-abbes-algerie-d58008819
57824391,Seat Ibiza 2015 Fr Plus,Seat,Ibiza,2015,355,355,1.6 TDI 105ch,Diesel,95000,Manuelle,Bejaia,6,,,2026-10-03 11:30,2026-10-05 11:30,2026-10-05 11:30,voitures,https://www.ouedkniss.com/voitures-seat-ibiza-2015-fr-plus-bejaia-algerie-d57824391
57974847,Renault Clio 5 2021 Business Plus,Renault,Clio 5,2021,340,340,1.0 la 90 cheuveaux,Essence,76500,Manuelle,Hammam maskhoutine,24,,,2026-10-03 11:30,2026-10-05 11:30,2026-10-05 11:30,voitures,https://www.ouedkniss.com/voitures-renault-clio-5-2021-business-plus-hammam-maskhoutine-guelma-algerie-d57974847
58053036,Fiat 500 2024 CLUB,Fiat,500,2024,275,275,"1,0 Hybrid 70ch",Essence,52000,Manuelle,Hussein dey,16,,,2026-10-03 11:30,2026-10-05 11:30,2026-10-05 11:30,voitures,https://www.ouedkniss.com/voitures-fiat-500-2024-club-hussein-dey-alger-algerie-d58053036
57981048,Citroen C3 2022,Citroen,C3,2022,360,360,1.2 PureTech 110ch,Essence,58000,Automatique,Ain taya,16,,,2026-10-03 11:30,2026-10-05 11:30,2026-10-05 11:30,voitures,https://www.ouedkniss.com/voitures-citroen-c3-2022-ain-taya-alger-algerie-d57981048
58054458,Fiat 500 2024,Fiat,500,2024,276,276,"1,0 Hybrid 70ch",Essence,41000,Manuelle,Alger centre,16,,,2026-10-03 11:30,2026-10-05 11:30,2026-10-05 11:30,voitures,https://www.ouedkniss.com/voitures-fiat-500-2024-alger-centre-algerie-d58054458
58052907,Fiat 500 2023 Dolcevita Plus,Fiat,500,2023,273,273,"1,0 Hybrid 70ch",Essence,88000,Manuelle,Mohammadia,16,,,2026-10-03 11:30,2026-10-05 11:30,2026-10-05 11:30,voitures,https://www.ouedkniss.com/voitures-fiat-500-2023-dolcevita-plus-mohammadia-alger-algerie-d58052907
57974793,Citroen C3 2021 ELLE,Citroen,C3,2021,280,280,1.2 PureTech 83ch,Essence,126000,Manuelle,Guelma,24,,,2026-10-03 11:30,2026-10-05 11:30,2026-10-05 11:30,voitures,https://www.ouedkniss.com/voitures-citroen-c3-2021-elle-guelma-algerie-d57974793
58001115,Fiat 500 2024 CLUB,Fiat,500,2024,292,292,"1,0 Hybrid 70ch",Essence,25500,Manuelle,Laghouat,3,,,2026-10-03 11:30,2026-10-05 11:30,2026-10-05 11:30,voitures,https://www.ouedkniss.com/voitures-fiat-500-2024-club-laghouat-algerie-d58001115
57949551,Citroen C3 2021,Citroen,C3,2021,330,330,1.2 PureTech 110ch,Essence,62000,Manuelle,Douera,16,,,2026-10-03 11:30,2026-10-05 11:30,2026-10-05 11:30,voitures,https://www.ouedkniss.com/voitures-citroen-c3-2021-douera-alger-algerie-d57949551
58052808,Pokimon DFSK 2024,Pokimon,DFSK,2024,260,260,,Essence,85000,Manuelle,Skikda,21,,,2026-10-03 11:30,2026-10-05 11:30,2026-10-05 11:30,camion,https://www.ouedkniss.com/camion-pokimon-dfsk-2024-skikda-algerie-d58052808
58011105,Opel Adam 2017 Rocks,Opel,Adam,2017,320,320,1.4 ess 100ch Twinport,Essence,106000,Manuelle,Ouled fayet,16,,,2026-10-03 11:30,2026-10-05 11:30,2026-10-05 11:30,voitures,https://www.ouedkniss.com/voitures-opel-adam-2017-rocks-ouled-fayet-alger-algerie-d58011105
58051314,Volkswagen T-Roc 2025 R,Volkswagen,T-Roc,2025,333,333,,Essence,25000,Automatique,Oran,31,,,2026-10-03 11:30,2026-10-05 11:30,2026-10-05 11:30,voitures,https://www.ouedkniss.com/voitures-volkswagen-t-roc-2025-r-oran-algerie-d58051314
57476349,Seat Arona 2024,Seat,Arona,2024,375,375,1.0 turbo,Essence,45000,Manuelle,Rouiba,16,,3,2026-10-03 11:30,2026-10-05 11:30,2026-10-05 11:30,voitures,https://www.ouedkniss.com/voitures-seat-arona-2024-rouiba-alger-algerie-d57476349
57838305,Fiat 500 2025 Dolcevita MIB,Fiat,500,2025,290,290,"1,0 Hybrid 70ch",Essence,35000,Manuelle,Oum el bouaghi,4,,,2026-10-03 11:30,2026-10-05 11:30,2026-10-05 11:30,voitures,https://www.ouedkniss.com/voitures-fiat-500-2025-dolcevita-mib-oum-el-bouaghi-algerie-d57838305
53434274,Citroen Berlingo Multispace 2013 Exclusif,Citroen,Berlingo,2013,365,365,1.6 HDI 90ch,Diesel,104000,Manuelle,Oran,31,,,2026-10-03 11:30,2026-10-05 11:30,2026-10-05 11:30,voitures,https://www.ouedkniss.com/voitures-citroen-berlingo-multispace-2013-exclusif-oran-algerie-d53434274
57742413,Fiat 500 2024 Dolcevita Plus,Fiat,500,2024,300,300,"1,0 Hybrid 70ch",Essence,35000,Manuelle,El eulma,19,,,2026-10-03 11:30,2026-10-05 11:30,2026-10-05 11:30,voitures,https://www.ouedkniss.com/voitures-fiat-500-2024-dolcevita-plus-el-eulma-setif-algerie-d57742413
57726105,Fiat 500 2025 Cult MIB,Fiat,500,2025,270,270,"1,0 Hybrid 70ch",Essence,25500,Manuelle,Djelfa,17,,,2026-10-03 11:30,2026-10-05 11:30,2026-10-05 11:30,voitures,https://www.ouedkniss.com/voitures-fiat-500-2025-cult-mib-djelfa-algerie-d57726105
57023901,Kia Picanto 2024 Picanto,Kia,Picanto,2024,365,365,1.0,Essence,39000,Automatique,Sidi merouane,43,,1,2026-10-03 11:30,2026-10-05 11:30,2026-10-05 11:30,voitures,https://www.ouedkniss.com/voitures-kia-picanto-2024-sidi-merouane-mila-algerie-d57023901
55095832,Seat Ibiza 2023 Style,Seat,Ibiza,2023,370,370,1.0 mpi 90ch,Essence,128000,Manuelle,Dely brahim,16,,,2026-10-03 11:30,2026-10-05 11:30,2026-10-05 11:30,voitures,https://www.ouedkniss.com/voitures-seat-ibiza-2023-style-dely-brahim-alger-algerie-d55095832
56868050,Peugeot Partner 2013 Tepee,Peugeot,Partner,2013,340,340,1.6 HDI 112ch,Diesel,109000,Manuelle,Ras el agba,24,,3,2026-10-03 11:30,2026-10-05 11:30,2026-10-05 11:30,voitures,https://www.ouedkniss.com/voitures-peugeot-partner-2013-tepee-ras-el-agba-guelma-algerie-d56868050
57996174,Kia Rio 5 2023 Rio 5 Portes,Kia,Rio,2023,335,335,1.2 ess,Essence,90000,Manuelle,Mostaganem,27,,,2026-10-03 11:30,2026-10-05 11:30,2026-10-05 11:30,voitures,https://www.ouedkniss.com/voitures-kia-rio-5-2023-portes-mostaganem-algerie-d57996174
57943674,Peugeot 208 2015 Access,Peugeot,208,2015,230,230,1.2 VTI 82ch,Essence,150000,Manuelle,Baraki,16,,,2026-10-03 11:30,2026-10-05 11:30,2026-10-05 11:30,voitures,https://www.ouedkniss.com/voitures-peugeot-208-2015-access-baraki-alger-algerie-d57943674
57416283,Dacia Sandero 2017 Stepway,Dacia,Sandero,2017,310,310,1.5 DCI 90ch,Diesel,150000,Manuelle,Ksar boukhari,26,,1,2026-10-03 11:30,2026-10-05 11:30,2026-10-05 11:30,voitures,https://www.ouedkniss.com/voitures-dacia-sandero-2017-stepway-ksar-boukhari-medea-algerie-d57416283
56486795,Fiat Tipo Sedan 2023 City,Fiat,Tipo Sedan,2023,368,368,1.6 eTorq 110ch BVA,Essence,80000,Automatique,Tenes,2,,2,2026-10-03 11:30,2026-10-05 11:30,2026-10-05 11:30,voitures,https://www.ouedkniss.com/voitures-fiat-tipo-sedan-2023-city-tenes-chlef-algerie-d56486795
56629943,Livan X3 Pro 2025 Automatique (Avec Toi Ouvrant ),Livan,X3 Pro,2025,328,328,1.5 ess 113ch,Essence,40000,Automatique,Mohammadia,16,,1,2026-10-03 11:30,2026-10-05 11:30,2026-10-05 11:30,voitures,https://www.ouedkniss.com/voitures-livan-x3-pro-2025-automatique-avec-toi-ouvrant-mohammadia-alger-algerie-d56629943
52035785,Renault Twingo 2021 Dynamique,Renault,Twingo,2021,272,272,1.0,Essence,83000,Manuelle,Kouba,16,,3,2026-10-03 11:30,2026-10-05 11:30,2026-10-05 11:30,voitures,https://www.ouedkniss.com/voitures-renault-twingo-2021-dynamique-kouba-alger-algerie-d52035785
58012671,Livan X3 Pro 2025 Automatique (Avec Toi Ouvrant ),Livan,X3 Pro,2025,325,325,1.5 ess 113ch,Essence,26000,Automatique,Ain oussara,17,,1,2026-10-03 11:30,2026-10-05 11:30,2026-10-05 11:30,voitures,https://www.ouedkniss.com/voitures-livan-x3-pro-2025-automatique-avec-toi-ouvrant-ain-oussara-djelfa-algerie-d58012671
58050873,Livan X3 Pro 2025 Automatique (Avec Toi Ouvrant ),Livan,X3 Pro,2025,325,325,1.5 ess 113ch,Essence,26000,Automatique,Ain oussara,17,,1,2026-10-03 11:30,2026-10-05 11:30,2026-10-05 11:30,voitures,https://www.ouedkniss.com/voitures-livan-x3-pro-2025-automatique-avec-toi-ouvrant-ain-oussara-djelfa-algerie-d58050873
58007625,Chery Tiggo 2 Pro 2024 Luxury,Chery,Tiggo 2 Pro,2024,308,308,1.0 ess turbo 102ch,Essence,63000,Automatique,Tlemcen,13,,1,2026-10-02 11:30,2026-10-05 11:30,2026-10-05 11:36,voitures,https://www.ouedkniss.com/voitures-chery-tiggo-2-pro-2024-luxury-tlemcen-algerie-d58007625
57881577,Fiat Tipo Sedan 2023 City,Fiat,Tipo Sedan,2023,375,375,1.6 eTorq 110ch BVA,Essence,65000,Automatique,Tlemcen,13,,1,2026-10-02 11:30,2026-10-05 11:30,2026-10-05 11:36,voitures,https://www.ouedkniss.com/voitures-fiat-tipo-sedan-2023-city-tlemcen-algerie-d57881577
57868323,Renault Symbol 2017,Renault,Symbol,2017,370,370,1.2 ess 16V 75ch,Essence,41000,Manuelle,Tlemcen,13,,2,2026-10-02 11:30,2026-10-05 11:30,2026-10-05 11:36,voitures,https://www.ouedkniss.com/voitures-renault-symbol-2017-tlemcen-algerie-d57868323
57824775,Fiat Doblo 2024,Fiat,Doblo,2024,360,360,1.6 Hdi,Diesel,89000,Manuelle,Tlemcen,13,,3,2026-10-02 11:30,2026-10-05 11:30,2026-10-05 11:36,voitures,https://www.ouedkniss.com/voitures-fiat-doblo-2024-tlemcen-algerie-d57824775
57618258,Citroen C Elysée 2015,Citroen,C-Elysee,2015,250,250,1.6 VTI 115ch,Essence,123270,Manuelle,Tlemcen,13,,,2026-10-02 11:30,2026-10-05 11:30,2026-10-05 11:30,voitures,https://www.ouedkniss.com/voitures-citroen-c-elysee-2015-tlemcen-algerie-d57618258
58045926,Citroen C3 2023,Citroen,C3,2023,370,370,1.2 puretech,Essence,66594,Manuelle,Constantine,25,,,2026-10-02 11:30,2026-10-05 11:30,2026-10-05 11:30,voitures,https://www.ouedkniss.com/voitures-citroen-c3-2023-constantine-algerie-d58045926
58020687,Hyundai Grand I10 2017,Hyundai,Grand i10,2017,270,270,1.2 ess 87ch,Essence,120000,Manuelle,Oran,31,,,2026-10-02 11:30,2026-10-05 11:30,2026-10-05 11:30,voitures,https://www.ouedkniss.com/voitures-hyundai-grand-i10-2017-oran-algerie-d58020687
58047486,"Dacia Sandero 2018 Série Limitée ""Style""",Dacia,Sandero,2018,370,370,1.5 DCI 90ch,Diesel,110000,Manuelle,Sfissef,22,,,2026-10-02 11:30,2026-10-05 11:30,2026-10-05 11:30,voitures,https://www.ouedkniss.com/voitures-dacia-sandero-2018-serie-limitee-style-sfissef-sidi-bel-abbes-algerie-d58047486
58047129,Hyundai Grand I10 2019 Restylée DZ,Hyundai,Grand i10,2019,325,325,1.2 ess 87ch,Essence,113000,Manuelle,Bechar,8,,,2026-10-02 11:30,2026-10-05 11:30,2026-10-05 11:30,voitures,https://www.ouedkniss.com/voitures-hyundai-grand-i10-2019-restylee-dz-bechar-algerie-d58047129
57783672,Geely GX3 PRO 2024,Geely,GX3 Pro,2024,295,295,,Essence,78000,Manuelle,Mila,43,,,2026-10-02 11:30,2026-10-05 11:30,2026-10-05 11:30,voitures,https://www.ouedkniss.com/voitures-geely-gx3-pro-2024-mila-algerie-d57783672
58048614,Hyundai Grand I10 2019,Hyundai,Grand i10,2019,315,315,,Essence,100000,Manuelle,Setif,19,,,2026-10-02 11:30,2026-10-05 11:30,2026-10-05 11:30,voitures,https://www.ouedkniss.com/voitures-hyundai-grand-i10-2019-setif-algerie-d58048614
56787572,Renault Clio 5 2021 Intense,Renault,Clio 5,2021,365,365,1.0 tce,Essence,140000,Manuelle,Constantine,25,,1,2026-10-02 11:30,2026-10-05 11:30,2026-10-05 11:30,voitures,https://www.ouedkniss.com/voitures-renault-clio-5-2021-intense-constantine-algerie-d56787572
58049376,رينو سيمبول 2018,رينو,سيمبول,2018,340,340,1.2 ايصونص,Essence,98000,Manuelle,Skikda,21,,,2026-10-02 11:30,2026-10-05 11:30,2026-10-05 11:30,voitures,https://www.ouedkniss.com/voitures-%D8%B1%D9%8A%D9%86%D9%88-%D8%B3%D9%8A%D9%85%D8%A8%D9%88%D9%84-2018-skikda-algerie-d58049376
58048233,Peugeot 301 2013 301,Peugeot,301,2013,200,200,1.6 HDI 92ch,Diesel,37000,Manuelle,Bordj bou arreridj,34,,1,2026-10-02 11:30,2026-10-05 11:30,2026-10-05 11:30,voitures,https://www.ouedkniss.com/voitures-peugeot-301-2013-bordj-bou-arreridj-algerie-d58048233
58047960,Yamaha Mt 09 2019,Yamaha,Mt 09,2019,200,200,,,35500,Manuelle,Bejaia,6,,,2026-10-02 11:30,2026-10-05 11:30,2026-10-05 11:30,motos,https://www.ouedkniss.com/motos-scooters-yamaha-mt-09-2019-bejaia-algerie-d58047960
58044339,Livan X3 Pro 2025 Automatique (Avec Toi Ouvrant ),Livan,X3 Pro,2025,325,325,1.5 ess 113ch,Essence,37000,Automatique,Sig,29,,,2026-10-02 11:30,2026-10-05 11:30,2026-10-05 11:30,utilitaire,https://www.ouedkniss.com/utilitaire-livan-x3-pro-2025-automatique-avec-toi-ouvrant-sig-mascara-algerie-d58044339
58045737,Peugeot 308 2013,Peugeot,308,2013,250,250,1.6 VTI 120ch,Essence,150000,Automatique,Constantine,25,,,2026-10-02 11:30,2026-10-05 11:30,2026-10-05 11:30,voitures,https://www.ouedkniss.com/voitures-peugeot-308-2013-constantine-algerie-d58045737
57991527,Sokon C02 2024 Double Cabine A/C,Sokon,C02,2024,285,285,1.1,Essence,100000,Manuelle,Oran,31,,,2026-10-02 11:30,2026-10-05 11:30,2026-10-05 11:30,utilitaire,https://www.ouedkniss.com/utilitaire-sokon-c02-2024-double-cabine-ac-oran-algerie-d57991527
58044234,Fiat Tipo Sedan 2024 Life,Fiat,Tipo Sedan,2024,375,375,1.6 eTorq 110ch BVA,Essence,84000,Automatique,Batna,5,,,2026-10-02 11:30,2026-10-05 11:30,2026-10-05 11:30,voitures,https://www.ouedkniss.com/voitures-fiat-tipo-sedan-2024-life-batna-algerie-d58044234
57130146,Renault Clio5 2021,Renault,Clio5,2021,360,360,1.0tce,Essence,57400,Manuelle,Baraki,16,,1,2026-10-02 11:30,2026-10-05 11:30,2026-10-05 11:30,voitures,https://www.ouedkniss.com/voitures-renault-clio5-2021-baraki-alger-algerie-d57130146
57178272,Peugeot 206 Plus 2012 Generation,Peugeot,206,2012,205,205,1.1 ess 60ch,Essence,150000,Manuelle,Beni saf,46,,1,2026-10-02 11:30,2026-10-05 11:30,2026-10-05 11:30,voitures,https://www.ouedkniss.com/voitures-peugeot-206-plus-2012-generation-beni-saf-ain-temouchent-algerie-d57178272
56731061,Dacia Logan 2016 Logan,Dacia,Logan,2016,312,312,1.2 ess 16V 75ch,Essence,54000,Manuelle,Medea,26,,1,2026-10-02 11:30,2026-10-05 11:30,2026-10-05 11:30,voitures,https://www.ouedkniss.com/voitures-dacia-logan-2016-medea-algerie-d56731061
58043958,MG ZS 2024 المجمولة,MG,MG ZS,2024,365,365,1.5,Essence,70000,Automatique,El oued,39,,,2026-10-02 11:30,2026-10-05 11:30,2026-10-05 11:30,voitures,https://www.ouedkniss.com/voitures-mg-zs-2024-%D8%A7%D9%84%D9%85%D8%AC%D9%85%D9%88%D9%84%D8%A9-el-oued-algerie-d58043958
57506043,Dacia Sandero 2021 Stepway PRIVILEGE,Dacia,Sandero,2021,380,380,1.5 DCI 90ch,Diesel,97000,Manuelle,Oran,31,,,2026-10-02 11:30,2026-10-05 11:30,2026-10-05 11:30,voitures,https://www.ouedkniss.com/voitures-dacia-sandero-2021-stepway-privilege-oran-algerie-d57506043
57753126,Seat Ibiza 2017 Sol,Seat,Ibiza,2017,355,355,1.0TSI,Essence,62000,Manuelle,Birkhadem,16,,,2026-10-02 11:30,2026-10-05 11:30,2026-10-05 11:30,voitures,https://www.ouedkniss.com/voitures-seat-ibiza-2017-sol-birkhadem-alger-algerie-d57753126
57887112,Dacia Sandero 2022 Sandero,Dacia,Sandero,2022,236,236,1.0 SCe 65ch,Essence,106000,Manuelle,Saoula,16,,,2026-10-02 11:30,2026-10-05 11:30,2026-10-05 11:30,voitures,https://www.ouedkniss.com/voitures-dacia-sandero-2022-saoula-alger-algerie-d57887112
55427590,Volkswagen Polo 2017 Confortline,Volkswagen,Polo,2017,220,220,1.4 TDI,Diesel,18530,Automatique,Annaba,23,,13,2026-10-02 11:30,2026-10-05 11:30,2026-10-05 11:30,voitures,https://www.ouedkniss.com/voitures-volkswagen-polo-2017-confortline-annaba-algerie-d55427590
56096875,Kia Carens 2014 Premium,Kia,Carens,2014,260,260,1.7 CRDI 136 ch BVA,Diesel,140500,Manuelle,Bouhamza,6,,,2026-10-02 11:30,2026-10-05 11:30,2026-10-05 11:30,utilitaire,https://www.ouedkniss.com/utilitaire-kia-carens-2014-premium-bouhamza-bejaia-algerie-d56096875
58042107,Great Wall M4 2016,Great Wall,Wall M4,2016,280,280,1.5,Essence,123789,Manuelle,Mila,43,,,2026-10-02 11:30,2026-10-05 11:30,2026-10-05 11:30,voitures,https://www.ouedkniss.com/voitures-great-wall-m4-2016-mila-algerie-d58042107
57641757,Geely GX3 PRO 2024 Drive,Geely,GX3 Pro,2024,322,322,"1,5 ess 102ch MT",Essence,33500,Manuelle,Oran,31,,,2026-10-02 11:30,2026-10-05 11:30,2026-10-05 11:30,voitures,https://www.ouedkniss.com/voitures-geely-gx3-pro-2024-drive-oran-algerie-d57641757
57861531,Renault Clio 2 2004 Clio 2,Renault,Clio 2,2004,240,240,1.5 Dci 70ch,Diesel,133000,Manuelle,Mostaganem,27,,4,2026-10-02 11:30,2026-10-05 11:30,2026-10-05 11:30,voitures,https://www.ouedkniss.com/voitures-renault-clio-2-2004-mostaganem-algerie-d57861531
58041996,Opel Corsa 2022 Corsa,Opel,Corsa,2022,295,295,1.2 ess 80ch,Essence,17900,Manuelle,Kolea,42,,,2026-10-02 11:30,2026-10-05 11:30,2026-10-05 11:30,voitures,https://www.ouedkniss.com/voitures-opel-corsa-2022-kolea-tipaza-algerie-d58041996
58041690,Suzuki Swift 2022,Suzuki,Swift,2022,295,295,1.2 VVT 85ch BVA,Essence,116000,Automatique,Sidi mezghiche,21,,,2026-10-02 11:30,2026-10-05 11:30,2026-10-05 11:30,voitures,https://www.ouedkniss.com/voitures-suzuki-swift-2022-sidi-mezghiche-skikda-algerie-d58041690
58039209,Skoda Rapid 2015,Skoda,Rapid,2015,380,380,1.6 TDI 105ch,Diesel,96000,Manuelle,Ras el oued,34,,,2026-10-02 11:30,2026-10-05 11:30,2026-10-05 11:30,voitures,https://www.ouedkniss.com/voitures-skoda-rapid-2015-ras-el-oued-bordj-bou-arreridj-algerie-d58039209
58042770,Geely GX3 PRO 2025 Livan,Geely,GX3 Pro,2025,330,330,1.5 113 ch,Essence,23000,Automatique,Sidi bel abbes,22,,,2026-10-02 11:30,2026-10-05 11:30,2026-10-05 11:30,voitures,https://www.ouedkniss.com/voitures-geely-gx3-pro-2025-livan-sidi-bel-abbes-algerie-d58042770
58041099,Nissan Micra 2012,Nissan,Micra,2012,235,235,,Essence,150000,Manuelle,Blida,9,,,2026-10-02 11:30,2026-10-05 11:30,2026-10-05 11:30,voitures,https://www.ouedkniss.com/voitures-nissan-micra-2012-blida-algerie-d58041099
58042551,Peugeot 208 2024 Active Pack,Peugeot,208,2024,310,310,1.2 Hybrid 100ch,Essence,65000,Manuelle,Ain benian,16,,,2026-10-02 11:30,2026-10-05 11:30,2026-10-05 11:30,voitures,https://www.ouedkniss.com/voitures-peugeot-208-2024-active-pack-ain-benian-alger-algerie-d58042551
57678561,Livan X3 Pro 2025 Automatique (Avec Toi Ouvrant ),Livan,X3 Pro,2025,310,310,1.5 ess 113ch,Essence,18000,Automatique,Ouled rahmoune,25,,2,2026-10-02 11:30,2026-10-05 11:30,2026-10-05 11:30,voitures,https://www.ouedkniss.com/voitures-livan-x3-pro-2025-automatique-avec-toi-ouvrant-ouled-rahmoune-constantine-algerie-d57678561
57798804,Kia Picanto 2022,Kia,Picanto,2022,350,350,1.2 ess 84ch,Essence,93000,Automatique,Adrar,1,,,2026-10-02 11:30,2026-10-05 11:30,2026-10-05 11:30,voitures,https://www.ouedkniss.com/voitures-kia-picanto-2022-adrar-algerie-d57798804
58042362,Fiat 500x 2024 Club,Fiat,500X,2024,327,327,1.4l MultiAir ess 140ch DCT,Essence,110000,Automatique,Ben Azzouz,21,,,2026-10-02 11:30,2026-10-05 11:30,2026-10-05 11:30,voitures,https://www.ouedkniss.com/voitures-fiat-500x-2024-club-ben-azzouz-skikda-algerie-d58042362
58042173,Livan X3 Pro 2025 Manuelle (Sans Toit Ouvrant),Livan,X3 Pro,2025,310,310,1.5 ess 113ch,Essence,16000,Manuelle,Alger centre,16,,,2026-10-02 11:30,2026-10-05 11:30,2026-10-05 11:30,voitures,https://www.ouedkniss.com/voitures-livan-x3-pro-2025-manuelle-sans-toit-ouvrant-alger-centre-algerie-d58042173
55069822,Renault Clio Campus 2013 Extreme 2,Renault,Clio Campus,2013,320,320,1.2 ess 16V 75ch,Essence,76000,Manuelle,Mohammadia,29,,4,2026-10-02 11:30,2026-10-05 11:30,2026-10-05 11:30,voitures,https://www.ouedkniss.com/voitures-renault-clio-campus-2013-extreme-2-mohammadia-mascara-algerie-d55069822
58040040,Dacia Logan 2024 Logan,Dacia,Logan,2024,361,361,,Essence,21000,Manuelle,Draa ben khedda,15,,1,2026-10-02 11:30,2026-10-05 11:30,2026-10-05 11:30,voitures,https://www.ouedkniss.com/voitures-dacia-logan-2024-draa-ben-khedda-tizi-ouzou-algerie-d58040040
58041444,Dacia Sandero 2017 Stepway,Dacia,Sandero,2017,285,285,1.5 DCI 90ch,Diesel,150000,,Bouzareah,16,,,2026-10-02 11:30,2026-10-05 11:30,2026-10-05 11:30,voitures,https://www.ouedkniss.com/voitures-dacia-sandero-2017-stepway-bouzareah-alger-algerie-d58041444
57934476,Renault Master 2000,Renault,Master,2000,222,222,,Diesel,111111,Manuelle,Batna,5,,3,2026-10-02 11:30,2026-10-05 11:30,2026-10-05 11:30,fourgon,https://www.ouedkniss.com/fourgon-renault-master-2000-batna-algerie-d57934476
58025211,Renault Symbol 2017 Made In Bladi,Renault,Symbol,2017,280,280,1.4 ess 75ch,Essence,150000,Manuelle,Batna,5,,,2026-10-02 11:30,2026-10-05 11:30,2026-10-05 11:30,voitures,https://www.ouedkniss.com/voitures-renault-symbol-2017-made-in-bladi-batna-algerie-d58025211
57886137,Bestune T55 2025 Deluxe,Bestune,T55,2025,303,303,1.5 TSI 169ch,Essence,90000,Automatique,Constantine,25,,,2026-10-02 11:30,2026-10-05 11:30,2026-10-05 11:30,voitures,https://www.ouedkniss.com/voitures-bestune-t55-2025-deluxe-constantine-algerie-d57886137
57934791,Renault Clio 4 2015 Limited,Renault,Clio 4,2015,280,280,1.5 DCI 85ch,Diesel,20000,Manuelle,Ain naadja,16,,,2026-10-02 11:30,2026-10-05 11:30,2026-10-05 11:30,voitures,https://www.ouedkniss.com/voitures-renault-clio-4-2015-limited-ain-naadja-alger-algerie-d57934791
54933730,Livan X3 Pro 2025 Livan_x3_pro_automatique_toit,Livan,X3 Pro,2025,322,322,1.5 ess 113ch,Essence,39000,Automatique,Ben badis,22,,5,2026-10-02 11:30,2026-10-05 11:30,2026-10-05 11:30,voitures,https://www.ouedkniss.com/voitures-livan-x3-pro-2025-automatique-toit-ben-badis-sidi-bel-abbes-algerie-d54933730
57986946,Fiat 500 2023 Dolcevita MIB,Fiat,500,2023,280,280,"1,0 Hybrid 70ch",Essence,80000,Manuelle,Birtouta,16,,,2026-10-02 11:30,2026-10-05 11:30,2026-10-05 11:30,voitures,https://www.ouedkniss.com/voitures-fiat-500-2023-dolcevita-mib-birtouta-alger-algerie-d57986946
58039194,Suzuki Swift 2025,Suzuki,Swift,2025,350,350,1.2 ess 83 ch,Essence,15000,Automatique,Ouled yaich,9,,,2026-10-02 11:30,2026-10-05 11:30,2026-10-05 11:30,voitures,https://www.ouedkniss.com/voitures-suzuki-swift-2025-ouled-yaich-blida-algerie-d58039194
57922881,Kia Picanto 2019 LX Start,Kia,Picanto,2019,283,283,1.2 ess CVVT 87ch,Essence,138000,Manuelle,Ain beida,4,,,2026-10-02 11:30,2026-10-05 11:30,2026-10-05 11:30,voitures,https://www.ouedkniss.com/voitures-kia-picanto-2019-lx-start-ain-beida-oum-el-bouaghi-algerie-d57922881
57902322,Fiat Doblo 2024,Fiat,Doblo,2024,365,365,1.6 hdi,Diesel,110000,Manuelle,Msila,28,,1,2026-10-02 11:30,2026-10-05 11:30,2026-10-05 11:30,voitures,https://www.ouedkniss.com/voitures-fiat-doblo-2024-msila-algerie-d57902322
58038540,Hyundai Accent RB 4 Portes 2019,Hyundai,Accent RB,2019,320,320,1.6 CRDI 128ch BVA,Diesel,148000,Manuelle,Baraki,16,,2,2026-10-02 11:30,2026-10-05 11:30,2026-10-05 11:30,voitures,https://www.ouedkniss.com/voitures-hyundai-accent-rb-4-portes-2019-baraki-alger-algerie-d58038540
57765936,Sokon C01 2024,Sokon,C01,2024,240,240,,Essence,58300,Manuelle,Bazer sakhra,19,,,2026-10-02 11:30,2026-10-05 11:30,2026-10-05 11:30,utilitaire,https://www.ouedkniss.com/utilitaire-sokon-c01-2024-bazer-sakhra-setif-algerie-d57765936
58037808,Renault Clio 4 2018 Limited,Renault,Clio 4,2018,358,358,0.9 tce 90 ch,Essence,97000,Manuelle,Oran,31,,,2026-10-02 11:30,2026-10-05 11:30,2026-10-05 11:30,voitures,https://www.ouedkniss.com/voitures-renault-clio-4-2018-limited-oran-algerie-d58037808
53950148,Fiat Tipo Sedan 2023,Fiat,Tipo Sedan,2023,340,340,1.6 eTorq 110ch BVA,Essence,150000,Automatique,Mascara,29,,,2026-10-02 11:30,2026-10-05 11:30,2026-10-05 11:30,voitures,https://www.ouedkniss.com/voitures-fiat-tipo-sedan-2023-mascara-algerie-d53950148
58037637,BMW Gs 1250 Advanture 2021,BMW,Gs 1250,2021,380,380,,,19000,Semi Automatique,Setif,19,,,2026-10-02 11:30,2026-10-05 11:30,2026-10-05 11:30,motos,https://www.ouedkniss.com/motos-scooters-bmw-gs-1250-advanture-2021-setif-algerie-d58037637
57824427,Fiat 500 2024 Dolcevita Plus,Fiat,500,2024,290,290,"1,0 Hybrid 70ch",Essence,73000,Manuelle,Khenchela,40,,,2026-10-02 11:30,2026-10-05 11:30,2026-10-05 11:30,voitures,https://www.ouedkniss.com/voitures-fiat-500-2024-dolcevita-plus-khenchela-algerie-d57824427
58037454,Renault Clio 4 2019 GT Line +,Renault,Clio 4,2019,280,280,1.5 110,Diesel,150000,Manuelle,Issers,35,,1,2026-10-02 11:30,2026-10-05 11:30,2026-10-05 11:30,voitures,https://www.ouedkniss.com/voitures-renault-clio-4-2019-gt-line-issers-boumerdes-algerie-d58037454
56623073,Kia Rio 2019 Start+,Kia,Rio,2019,345,345,1.4l ess 100ch,Essence,112000,Manuelle,Hussein dey,16,,2,2026-10-02 11:30,2026-10-05 11:30,2026-10-05 11:30,voitures,https://www.ouedkniss.com/voitures-kia-rio-2019-start-hussein-dey-alger-algerie-d56623073
58036476,Yamaha Mt7 2023,Yamaha,Mt7,2023,224,224,,,16000,Manuelle,Setif,19,,,2026-10-02 11:30,2026-10-05 11:30,2026-10-05 11:30,motos,https://www.ouedkniss.com/motos-scooters-yamaha-mt7-2023-setif-algerie-d58036476
57610056,Fiat 500 2025 Dolcevita MIB,Fiat,500,2025,305,305,"1,0 Hybrid 70ch",Essence,48000,Manuelle,Bougara,9,,,2026-10-02 11:30,2026-10-05 11:30,2026-10-05 11:30,voitures,https://www.ouedkniss.com/voitures-fiat-500-2025-dolcevita-mib-bougara-blida-algerie-d57610056
57588891,Renault Clio 5 2021 Intense,Renault,Clio 5,2021,320,320,1.0 tce 100 chv,Essence,85000,Manuelle,Said hamdine,16,,8,2026-10-02 11:30,2026-10-05 11:30,2026-10-05 11:30,voitures,https://www.ouedkniss.com/voitures-renault-clio-5-2021-intense-said-hamdine-alger-algerie-d57588891
57967929,Fiat 500 2025 Dolcevita MIB,Fiat,500,2025,275,275,"1,0 Hybrid 70ch",Hybride,48000,Manuelle,Mouzaia,9,,,2026-10-02 11:30,2026-10-05 11:30,2026-10-05 11:30,voitures,https://www.ouedkniss.com/voitures-fiat-500-2025-dolcevita-mib-mouzaia-blida-algerie-d57967929
56090686,Suzuki Swift 2022 Swift,Suzuki,Swift,2022,290,290,1.3 VVT 94ch,Essence,139000,Automatique,Biskra,7,,2,2026-10-02 11:30,2026-10-05 11:30,2026-10-05 11:30,voitures,https://www.ouedkniss.com/voitures-suzuki-swift-2022-biskra-algerie-d56090686
55828171,Mitsubishi Attrage 2023,Mitsubishi,Attrage,2023,320,320,1.2,Essence,63000,Automatique,El affroun,9,,,2026-10-02 11:30,2026-10-05 11:30,2026-10-05 11:30,voitures,https://www.ouedkniss.com/voitures-mitsubishi-attrage-2023-el-affroun-blida-algerie-d55828171
58014609,Citroen C3 2023 Shine,Citroen,C3,2023,320,320,1.2,Essence,38000,Manuelle,Constantine,25,,,2026-10-02 11:30,2026-10-05 11:30,2026-10-05 11:30,voitures,https://www.ouedkniss.com/voitures-citroen-c3-2023-shine-constantine-algerie-d58014609
58017006,Fiat 500 2024 Dolcevita Plus,Fiat,500,2024,305,305,"1,0 Hybrid 70ch",Essence,62000,Manuelle,Es senia,31,,,2026-10-02 11:30,2026-10-05 11:30,2026-10-05 11:30,voitures,https://www.ouedkniss.com/voitures-fiat-500-2024-dolcevita-plus-es-senia-oran-algerie-d58017006
58016967,Fiat 500 2025 Dolcevita MIB,Fiat,500,2025,280,280,,Essence,41000,Manuelle,Alger centre,16,,,2026-10-02 11:30,2026-10-05 11:30,2026-10-05 11:30,voitures,https://www.ouedkniss.com/voitures-fiat-500-2025-dolcevita-mib-alger-centre-algerie-d58016967
58019523,Renault Clio Classique 2007,Renault,Clio,2007,280,280,1.4 ess 75ch,Essence,72000,Manuelle,Blida,9,,,2026-10-01 11:30,2026-10-05 11:30,2026-10-05 11:30,voitures,https://www.ouedkniss.com/voitures-renault-clio-classique-2007-blida-algerie-d58019523
55791307,Nissan Qashqai 2017 Qashqai,Nissan,Qashqai,2017,310,310,1.6 dCi 130ch 4x2,Diesel,140000,Automatique,Tipaza,42,,12,2026-10-01 11:30,2026-10-05 11:30,2026-10-05 11:30,voitures,https://www.ouedkniss.com/voitures-nissan-qashqai-2017-tipaza-algerie-d55791307
58035192,Opel Mokka 2024 Elegance,Opel,Mokka,2024,380,380,1.2 ess PureTech Turbo 130ch,Essence,100000,Automatique,Ain djasser,5,,,2026-10-01 11:30,2026-10-05 11:30,2026-10-05 11:30,voitures,https://www.ouedkniss.com/voitures-opel-mokka-2024-elegance-ain-djasser-batna-algerie-d58035192
58032135,Dacia Jogger 2022 Ess,Dacia,Jogger,2022,350,350,TCE,Essence,75000,Manuelle,Constantine,25,,,2026-10-01 11:30,2026-10-05 11:30,2026-10-05 11:30,voitures,https://www.ouedkniss.com/voitures-dacia-jogger-2022-ess-constantine-algerie-d58032135
58033614,Hyundai Grand I10 2019,Hyundai,Grand i10,2019,330,330,1.2 ess 87ch,Essence,125000,Manuelle,Setif,19,,1,2026-10-01 11:30,2026-10-05 11:30,2026-10-05 11:30,voitures,https://www.ouedkniss.com/voitures-hyundai-grand-i10-2019-setif-algerie-d58033614
58032264,Fiat 500 2024 Dolcevita MIB,Fiat,500,2024,315,315,"1,0 Hybrid 70ch",Essence,29000,Manuelle,Kouba,16,,,2026-10-01 11:30,2026-10-05 11:30,2026-10-05 11:30,voitures,https://www.ouedkniss.com/voitures-fiat-500-2024-dolcevita-mib-kouba-alger-algerie-d58032264
57681441,Renault Captur 2021,Renault,Captur,2021,370,370,,Essence,87600,Manuelle,Tidjelabine,35,,,2026-10-01 11:30,2026-10-05 11:30,2026-10-05 11:30,voitures,https://www.ouedkniss.com/voitures-renault-captur-2021-tidjelabine-boumerdes-algerie-d57681441
57786228,Renault Symbol 2021 Expression,Renault,Symbol,2021,350,350,1.6 ess 100ch,GPL,145000,Automatique,Kouba,16,,,2026-10-01 11:30,2026-10-05 11:30,2026-10-05 11:30,voitures,https://www.ouedkniss.com/voitures-renault-symbol-2021-expression-kouba-alger-algerie-d57786228
58031367,Peugeot 208 2019 Allure,Peugeot,208,2019,310,310,1.6 HDI 92ch,Diesel,127000,Manuelle,Setif,19,,,2026-10-01 11:30,2026-10-05 11:30,2026-10-05 11:30,voitures,https://www.ouedkniss.com/voitures-peugeot-208-2019-allure-setif-algerie-d58031367
52926455,Volkswagen Caddy 2015 Caddy,Volkswagen,Caddy,2015,370,370,1.6 TDi 102ch,Diesel,148500,Manuelle,Birkhadem,16,,,2026-10-01 11:30,2026-10-05 11:30,2026-10-05 11:30,voitures,https://www.ouedkniss.com/voitures-volkswagen-caddy-2015-birkhadem-alger-algerie-d52926455
58030650,Chevrolet Trax 2016 LT,Chevrolet,Trax,2016,290,290,1.8 ess DOHC 140 ch,Essence,136000,Manuelle,Bir el djir,31,,,2026-10-01 11:30,2026-10-05 11:30,2026-10-05 11:30,voitures,https://www.ouedkniss.com/voitures-chevrolet-trax-2016-lt-bir-el-djir-oran-algerie-d58030650
57336147,Hyundai Accent 2019 Accent,Hyundai,Accent,2019,230,230,1.6 CRDI 128ch,Diesel,142000,Manuelle,Cheraga,16,,2,2026-10-01 11:30,2026-10-05 11:30,2026-10-05 11:30,voitures,https://www.ouedkniss.com/voitures-hyundai-accent-2019-cheraga-alger-algerie-d57336147
57985104,Livan X3 Pro 2025 Automatique (Avec Toi Ouvrant ),Livan,X3 Pro,2025,310,310,1.5 ess 113ch,Essence,16000,Automatique,Constantine,25,,,2026-10-01 11:30,2026-10-05 11:30,2026-10-05 11:30,voitures,https://www.ouedkniss.com/voitures-livan-x3-pro-2025-automatique-avec-toi-ouvrant-constantine-algerie-d57985104
57086865,Volkswagen T-Cross 2021,Volkswagen,T-Cross,2021,378,378,,Essence,138000,Automatique,Kouba,16,,,2026-10-01 11:30,2026-10-05 11:30,2026-10-05 11:30,voitures,https://www.ouedkniss.com/voitures-volkswagen-t-cross-2021-kouba-alger-algerie-d57086865
57827187,Kawazaki Z900 2023,Kawazaki,Z900,2023,270,270,,,21600,Manuelle,Mascara,29,,2,2026-10-01 11:30,2026-10-05 11:30,2026-10-05 11:30,motos,https://www.ouedkniss.com/motos-scooters-kawazaki-z900-2023-mascara-algerie-d57827187
58030212,Geely GX3 PRO 2025,Geely,GX3 Pro,2025,300,300,,Essence,26000,Automatique,Constantine,25,,,2026-10-01 11:30,2026-10-05 11:30,2026-10-05 11:30,voitures,https://www.ouedkniss.com/voitures-geely-gx3-pro-2025-constantine-algerie-d58030212
58030065,Mercedes Vito 2004 Vito,Mercedes,Vito,2004,255,255,Cdi,Diesel,45000,Manuelle,Ouled hellal,26,,,2026-10-01 11:30,2026-10-05 11:30,2026-10-05 11:30,voitures,https://www.ouedkniss.com/voitures-mercedes-vito-2004-ouled-hellal-medea-algerie-d58030065
58028820,Kia Picanto 2015 Robo,Kia,Picanto,2015,260,260,,Essence,22200,Manuelle,Menaceur,42,,1,2026-10-01 11:30,2026-10-05 11:30,2026-10-05 11:30,voitures,https://www.ouedkniss.com/voitures-kia-picanto-2015-robo-menaceur-tipaza-algerie-d58028820
57859155,Fiat 500 2024 Dolcevita Plus,Fiat,500,2024,275,275,"1,0 Hybrid 70ch",Essence,99000,Manuelle,Oran,31,,1,2026-10-01 11:30,2026-10-05 11:30,2026-10-05 11:30,voitures,https://www.ouedkniss.com/voitures-fiat-500-2024-dolcevita-plus-oran-algerie-d57859155
55449871,Kia Picanto 2014,Kia,Picanto,2014,280,280,1.2 ess CVVT 87ch BVA,Essence,129000,Manuelle,El Meniaa,58,,2,2026-10-01 11:30,2026-10-05 11:30,2026-10-05 11:30,voitures,https://www.ouedkniss.com/voitures-kia-picanto-2014-el-meniaa-menia-algerie-d55449871
57335592,Mitsubishi Colt 2024 Colt,Mitsubishi,Colt,2024,350,350,1.0 mpi turbou,Essence,68000,Manuelle,Batna,5,,,2026-10-01 11:30,2026-10-05 11:30,2026-10-05 11:30,voitures,https://www.ouedkniss.com/voitures-mitsubishi-colt-2024-batna-algerie-d57335592
58023381,Hyundai Accent RB 5 Portes 2017,Hyundai,Accent RB,2017,315,315,1.4 ess 107ch,GPL,136000,Manuelle,Souk ahras,41,,2,2026-10-01 11:30,2026-10-05 11:30,2026-10-05 11:30,voitures,https://www.ouedkniss.com/voitures-hyundai-accent-rb-5-portes-2017-souk-ahras-algerie-d58023381
58025835,Chery Arrizo 5 2024 Luxury,Chery,Arrizo 5,2024,340,340,1.5 ess 108ch,Essence,47600,Automatique,Guerrouaou,9,,,2026-10-01 11:30,2026-10-05 11:30,2026-10-05 11:30,voitures,https://www.ouedkniss.com/voitures-chery-arrizo-5-2024-luxury-guerrouaou-blida-algerie-d58025835
58024212,Citroen C3 2023 Max,Citroen,C3,2023,330,330,1.2purtec,Essence,63000,Manuelle,Ain temouchent,46,,,2026-10-01 11:30,2026-10-05 11:30,2026-10-05 11:30,voitures,https://www.ouedkniss.com/voitures-citroen-c3-2023-max-ain-temouchent-algerie-d58024212
56181094,Citroen C3 2021 City Line,Citroen,C3,2021,375,375,1.6 e HDI 112ch,Diesel,80000,Manuelle,Batna,5,,,2026-10-01 11:30,2026-10-05 11:30,2026-10-05 11:30,voitures,https://www.ouedkniss.com/voitures-citroen-c3-2021-city-line-batna-algerie-d56181094
57966381,Chery Tiggo 4 Pro 2024 Comfort,Chery,Tiggo 4 Pro,2024,345,345,1.5 ess 113ch,Essence,40000,Manuelle,Setif,19,,1,2026-10-01 11:30,2026-10-05 11:30,2026-10-05 11:30,voitures,https://www.ouedkniss.com/voitures-chery-tiggo-4-pro-2024-comfort-setif-algerie-d57966381
57709254,Fiat Doblo Van 2024,Fiat,Doblo,2024,370,370,1.6 hdi,Diesel,46000,Manuelle,Souahlia,13,,,2026-10-01 11:30,2026-10-05 11:30,2026-10-05 11:30,utilitaire,https://www.ouedkniss.com/utilitaire-fiat-doblo-van-2024-souahlia-tlemcen-algerie-d57709254
58026438,Kia Pregio 2006,Kia,Pregio,2006,250,250,,Diesel,138000,Manuelle,Bordj el bahri,16,,,2026-10-01 11:30,2026-10-05 11:30,2026-10-05 11:30,fourgon,https://www.ouedkniss.com/fourgon-kia-pregio-2006-bordj-el-bahri-alger-algerie-d58026438
58017273,Mitsubishi Space Star /Mirage 2021,Mitsubishi,Space Star,2021,235,235,1.2,Essence,96000,Manuelle,Skikda,21,,3,2026-10-01 11:30,2026-10-05 11:30,2026-10-05 11:30,voitures,https://www.ouedkniss.com/voitures-mitsubishi-space-star-mirage-2021-skikda-algerie-d58017273
58026750,Seat IBIZA 2023,Seat,Ibiza,2023,370,370,110 ch,Essence,50500,Manuelle,Bejaia,6,,,2026-10-01 11:30,2026-10-05 11:30,2026-10-05 11:30,voitures,https://www.ouedkniss.com/voitures-seat-ibiza-2023-bejaia-algerie-d58026750
58026681,Chevrolet New Spark 2015 New Spark,Chevrolet,Spark,2015,230,230,1.2 ess 16V 81ch,Essence,140000,Manuelle,Constantine,25,,,2026-10-01 11:30,2026-10-05 11:30,2026-10-05 11:30,voitures,https://www.ouedkniss.com/voitures-chevrolet-new-spark-2015-constantine-algerie-d58026681
58024209,Kia Picanto 2014,Kia,Picanto,2014,283,283,,Essence,64000,Automatique,Larbaa,9,,1,2026-10-01 11:30,2026-10-05 11:30,2026-10-05 11:30,voitures,https://www.ouedkniss.com/voitures-kia-picanto-2014-larbaa-blida-algerie-d58024209
58021518,Hyundai Accent 2011 GLS,Hyundai,Accent,2011,300,300,1.5 ess 91ch,Essence,15000,Manuelle,Benaceur,55,,,2026-10-01 11:30,2026-10-05 11:30,2026-10-05 11:30,voitures,https://www.ouedkniss.com/voitures-hyundai-accent-2011-gls-benaceur-touggourt-algerie-d58021518
57942228,Geely Coolray 2026 Super Max,Geely,Coolray,2026,360,360,,,19000,,Hussein dey,16,,,2026-10-01 11:30,2026-10-05 11:30,2026-10-05 11:30,voitures,https://www.ouedkniss.com/voitures-geely-coolray-2026-super-max-hussein-dey-alger-algerie-d57942228
58022895,Peugeot 208 2024 Active Pack,Peugeot,208,2024,274,274,1.2 PureTech 100ch,Essence,92000,Manuelle,Alger centre,16,,,2026-10-01 11:30,2026-10-05 11:30,2026-10-05 11:30,voitures,https://www.ouedkniss.com/voitures-peugeot-208-2024-active-pack-alger-centre-algerie-d58022895
58022697,Peugeot 208 2024 Active Pack,Peugeot,208,2024,280,280,1.2 PureTech 100ch,Essence,29000,Manuelle,Alger centre,16,,,2026-10-01 11:30,2026-10-05 11:30,2026-10-05 11:30,voitures,https://www.ouedkniss.com/voitures-peugeot-208-2024-active-pack-alger-centre-algerie-d58022697
57966882,Kia Ceed 2022,Kia,Ceed,2022,365,365,1.0,Essence,103000,Manuelle,Bejaia,6,,,2026-10-01 11:30,2026-10-05 11:30,2026-10-05 11:30,voitures,https://www.ouedkniss.com/voitures-kia-ceed-2022-bejaia-algerie-d57966882
57821601,Dacia Sandero 2022 Sandero,Dacia,Sandero,2022,290,290,1.0 TCe 90ch,Essence,120000,Manuelle,Saoula,16,,1,2026-10-01 11:30,2026-10-05 11:30,2026-10-05 11:30,voitures,https://www.ouedkniss.com/voitures-dacia-sandero-2022-saoula-alger-algerie-d57821601
58022379,Renault Clio 5 2023 Evolution,Renault,Clio 5,2023,335,335,1.0 TCe 90ch,Diesel,137000,Manuelle,Dar el beida,16,,1,2026-10-01 11:30,2026-10-05 11:30,2026-10-05 11:30,voitures,https://www.ouedkniss.com/voitures-renault-clio-5-2023-evolution-dar-el-beida-alger-algerie-d58022379
57791568,Dacia Sandero 2019 Stepway Restylée,Dacia,Sandero,2019,336,336,1.5 DCI 90ch,Diesel,139000,Manuelle,Oran,31,,,2026-10-01 11:30,2026-10-05 11:30,2026-10-05 11:30,voitures,https://www.ouedkniss.com/voitures-dacia-sandero-2019-stepway-restylee-oran-algerie-d57791568
58016259,Renault Clio 5 2021 Intense,Renault,Clio 5,2021,355,355,1.0 ess 110 ch,Essence,88000,Manuelle,Constantine,25,,,2026-10-01 11:30,2026-10-05 11:30,2026-10-05 11:30,voitures,https://www.ouedkniss.com/voitures-renault-clio-5-2021-intense-constantine-algerie-d58016259
57856905,Fiat Doblo 2024,Fiat,Doblo,2024,360,360,1.6,Diesel,115000,Manuelle,Souk ahras,41,,,2026-10-01 11:30,2026-10-05 11:30,2026-10-05 11:30,voitures,https://www.ouedkniss.com/voitures-fiat-doblo-2024-souk-ahras-algerie-d57856905
57247386,Mercedes Classe E 2013 AVANTGARDE Pack AMG,Mercedes,Classe E,2013,360,360,200 BlueEFFICIENCY,Diesel,118200,Automatique,Dar el beida,16,,1,2026-10-01 11:30,2026-10-05 11:30,2026-10-05 11:30,voitures,https://www.ouedkniss.com/voitures-mercedes-classe-e-2013-avantgarde-pack-amg-dar-el-beida-alger-algerie-d57247386
57899313,Fiat Doblo 2024 2024,Fiat,Doblo,2024,355,355,1,Diesel,97000,Manuelle,Guelma,24,,1,2026-10-01 11:30,2026-10-05 11:30,2026-10-05 11:30,utilitaire,https://www.ouedkniss.com/utilitaire-fiat-doblo-2024-guelma-algerie-d57899313
58022133,Geely GX3 PRO 2025,Geely,GX3 Pro,2025,335,335,,Essence,25500,Manuelle,Kouba,16,,,2026-10-01 11:30,2026-10-05 11:30,2026-10-05 11:30,voitures,https://www.ouedkniss.com/voitures-geely-gx3-pro-2025-kouba-alger-algerie-d58022133
58017960,Fiat Doblo 2024,Fiat,Doblo,2024,370,370,1.6 HDI,Diesel,68000,Manuelle,Mocta douz,29,,,2026-10-01 11:30,2026-10-05 11:30,2026-10-05 11:30,utilitaire,https://www.ouedkniss.com/utilitaire-fiat-doblo-2024-mocta-douz-mascara-algerie-d58017960
58019070,Fiat 500 2024 Dolcevita MIB,Fiat,500,2024,240,240,"1,0 Hybrid 70ch",Hybride,46000,Manuelle,El eulma,19,,,2026-10-01 11:30,2026-10-05 11:30,2026-10-05 11:30,voitures,https://www.ouedkniss.com/voitures-fiat-500-2024-dolcevita-mib-el-eulma-setif-algerie-d58019070
53306522,Kia Picanto 2019 LX Start,Kia,Picanto,2019,275,275,,Essence,128000,Manuelle,Mohammadia,16,,1,2026-10-01 11:30,2026-10-05 11:30,2026-10-05 11:30,voitures,https://www.ouedkniss.com/voitures-kia-picanto-2019-lx-start-mohammadia-alger-algerie-d53306522
58018152,Fiat Doblo 2024 Cmercial,Fiat,Doblo,2024,340,340,"1,6 HDI",Diesel,116000,Manuelle,Bechar,8,,,2026-10-01 11:30,2026-10-05 11:30,2026-10-05 11:30,voitures,https://www.ouedkniss.com/voitures-fiat-doblo-2024-cmercial-bechar-algerie-d58018152
58013694,Fiat Doblo 2024 New,Fiat,Doblo,2024,300,300,1.6 hdi,Diesel,46000,Manuelle,Hammam guergour,19,,,2026-10-01 11:30,2026-10-05 11:30,2026-10-05 11:30,utilitaire,https://www.ouedkniss.com/utilitaire-fiat-doblo-2024-new-hammam-guergour-setif-algerie-d58013694
58020375,Ford Fiesta 2015 Titanium,Ford,Fiesta,2015,220,220,1.6 TDCI 90ch,Diesel,122000,Manuelle,Bab ezzouar,16,,1,2026-10-01 11:30,2026-10-05 11:30,2026-10-05 11:30,voitures,https://www.ouedkniss.com/voitures-ford-fiesta-2015-titanium-bab-ezzouar-alger-algerie-d58020375
53462738,Suzuki Swift 2022 Swift,Suzuki,Swift,2022,340,340,1.2 VVT 85ch BVA,Essence,78000,Automatique,Gue de constantine,16,,3,2026-10-01 11:30,2026-10-05 11:30,2026-10-05 11:30,voitures,https://www.ouedkniss.com/voitures-suzuki-swift-2022-gue-de-constantine-alger-algerie-d53462738
58019925,Peugeot 208 2023 Allure Pack,Peugeot,208,2023,360,360,1.2 PureTech 100ch,Essence,60000,Manuelle,Reghaia,16,,,2026-10-01 11:30,2026-10-05 11:30,2026-10-05 11:30,voitures,https://www.ouedkniss.com/voitures-peugeot-208-2023-allure-pack-reghaia-alger-algerie-d58019925
57982587,Renault Clio 5 2021 Business,Renault,Clio 5,2021,350,350,1.0 TCE 90 ch,Essence,79000,Manuelle,Bou henni,29,,,2026-10-01 11:30,2026-10-05 11:30,2026-10-05 11:30,voitures,https://www.ouedkniss.com/voitures-renault-clio-5-2021-business-bou-henni-mascara-algerie-d57982587
56882480,Renault Clio5 2021 Intense Plus,Renault,Clio5,2021,370,370,1.0 tce 100cv,Essence,68000,Manuelle,Biskra,7,,,2026-10-01 11:30,2026-10-05 11:30,2026-10-05 11:30,voitures,https://www.ouedkniss.com/voitures-renault-clio5-2021-intense-plus-biskra-algerie-d56882480
56824421,Nissan Qashqai 2017 +2 Tekna,Nissan,Qashqai,2017,340,340,1.6 dCi 130ch 4x2,Diesel,120000,Automatique,Skikda,21,,1,2026-10-01 11:30,2026-10-05 11:30,2026-10-05 11:30,voitures,https://www.ouedkniss.com/voitures-nissan-qashqai-2017-2-tekna-skikda-algerie-d56824421
57966024,Peugeot 308 2013 Active,Peugeot,308,2013,370,370,1.6 HDI 112ch,Diesel,41000,Manuelle,Batna,5,,,2026-10-01 11:30,2026-10-05 11:30,2026-10-05 11:30,voitures,https://www.ouedkniss.com/voitures-peugeot-308-2013-active-batna-algerie-d57966024
57638922,Fiat 500 2024 Cult MIB,Fiat,500,2024,288,288,"1,0 Hybrid 70ch",Essence,22000,Manuelle,Bordj el kiffan,16,,2,2026-10-01 11:30,2026-10-05 11:30,2026-10-05 11:30,voitures,https://www.ouedkniss.com/voitures-fiat-500-2024-cult-mib-bordj-el-kiffan-alger-algerie-d57638922
56818424,Kia Pegas 2023 LX (Nouvelle Rio),Kia,Pegas,2023,365,365,1.4-DOHC-100CH,Essence,23000,Automatique,Draria,16,,5,2026-09-30 11:30,2026-10-05 11:30,2026-10-05 11:30,voitures,https://www.ouedkniss.com/voitures-kia-pegas-2023-lx-nouvelle-rio-draria-alger-algerie-d56818424
58018017,Lifan ابيض 2025,Lifan,ابيض,2025,325,325,جديد,Essence,15000,Automatique,Ouargla,30,,,2026-09-30 11:30,2026-10-05 11:30,2026-10-05 11:30,voitures,https://www.ouedkniss.com/voitures-lifan-%D8%A7%D8%A8%D9%8A%D8%B6-2025-ouargla-algerie-d58018017
58018005,Lifan X3 Pro 2026,Livan,X3 Pro,2026,305,305,1.5,Essence,15000,Manuelle,Hammedi,35,,1,2026-09-30 11:30,2026-10-05 11:30,2026-10-05 11:30,voitures,https://www.ouedkniss.com/voitures-lifan-x3-pro-2026-hammedi-boumerdes-algerie-d58018005
57240960,Kia K2700 2011,Kia,K2700,2011,333,333,,Diesel,99999,Manuelle,Djelfa,17,,1,2026-09-30 11:30,2026-10-05 11:30,2026-10-05 11:30,camion,https://www.ouedkniss.com/camion-kia-k2700-2011-djelfa-algerie-d57240960
57918435,Citroen C3 2023,Citroen,C3,2023,320,320,1.2,Essence,100000,Manuelle,Djelfa,17,,,2026-09-30 11:30,2026-10-05 11:30,2026-10-05 11:30,voitures,https://www.ouedkniss.com/voitures-citroen-c3-2023-djelfa-algerie-d57918435
58017480,Skoda Fabia 2022 Ambition,Skoda,Fabia,2022,340,340,,GPL,125000,Manuelle,Batna,5,,,2026-09-30 11:30,2026-10-05 11:30,2026-10-05 11:30,voitures,https://www.ouedkniss.com/voitures-skoda-fabia-2022-ambition-batna-algerie-d58017480
58017432,Dacia Duster 2023 Expression,Dacia,Duster,2023,370,370,1.3 TCe 150ch,Essence,70000,Manuelle,Douera,16,,2,2026-09-30 11:30,2026-10-05 11:30,2026-10-05 11:30,voitures,https://www.ouedkniss.com/voitures-dacia-duster-2023-expression-douera-alger-algerie-d58017432
58015059,Renault Clio 5 2021 Intense,Renault,Clio 5,2021,360,360,1.0 turbo,Essence,62000,Manuelle,Oran,31,,,2026-09-30 11:30,2026-10-05 11:30,2026-10-05 11:30,voitures,https://www.ouedkniss.com/voitures-renault-clio-5-2021-intense-oran-algerie-d58015059
57219528,Chery Tiggo 2 Pro 2024 1.5 MT 1.5 Ess 108ch,Chery,Tiggo 2 Pro,2024,315,315,1.5 ess 108ch,Essence,52000,Automatique,Oum el bouaghi,4,,,2026-09-30 11:30,2026-10-05 11:30,2026-10-05 11:30,voitures,https://www.ouedkniss.com/voitures-chery-tiggo-2-pro-2024-15-mt-ess-108ch-oum-el-bouaghi-algerie-d57219528
57946596,Fiat 500 2021 DOLCEVITA,Fiat,500,2021,280,280,1.0 essence 85ch hybride,Hybride,105000,Manuelle,Ain benian,16,,,2026-09-30 11:30,2026-10-05 11:30,2026-10-05 11:30,voitures,https://www.ouedkniss.com/voitures-fiat-500-2021-dolcevita-ain-benian-alger-algerie-d57946596
58010217,Dacia Sandero 2016 Stepway,Dacia,Sandero,2016,310,310,1.6 ess 90ch,Essence,110000,Manuelle,Dar el beida,16,,1,2026-09-30 11:30,2026-10-05 11:30,2026-10-05 11:30,voitures,https://www.ouedkniss.com/voitures-dacia-sandero-2016-stepway-dar-el-beida-alger-algerie-d58010217
58010481,Renault Scenic 2010 Scenic,Renault,Scenic,2010,220,220,1.9 DCI 130ch,Diesel,40000,Manuelle,Chlef,2,,,2026-09-30 11:30,2026-10-05 11:30,2026-10-05 11:30,voitures,https://www.ouedkniss.com/voitures-renault-scenic-2010-chlef-algerie-d58010481
54685646,Peugeot 208 2012 208,Peugeot,208,2012,230,230,1.2 VTI 82ch,Essence,106000,Manuelle,Alger centre,16,,,2026-09-30 11:30,2026-10-05 11:30,2026-10-05 11:30,voitures,https://www.ouedkniss.com/voitures-peugeot-208-2012-alger-centre-algerie-d54685646
51133345,Geely GX3 PRO 2024,Geely,GX3 Pro,2024,350,350,"1,5 ess 102ch CVT",Essence,60000,Automatique,Hassi messaoud,30,,2,2026-09-30 11:30,2026-10-05 11:30,2026-10-05 11:30,voitures,https://www.ouedkniss.com/voitures-geely-gx3-pro-2024-hassi-messaoud-ouargla-algerie-d51133345
57483150,Hyundai Grand I10 2017,Hyundai,Grand i10,2017,280,280,1.2 ess 87ch,Essence,135453,Manuelle,El khroub,25,,1,2026-09-30 11:30,2026-10-05 11:30,2026-10-05 11:30,voitures,https://www.ouedkniss.com/voitures-hyundai-grand-i10-2017-el-khroub-constantine-algerie-d57483150
55718593,Renault Symbol 2019 Made In Bladi,Renault,Symbol,2019,360,360,1.6 ess 100ch,GPL,135000,Manuelle,Oued el ma,5,,,2026-09-30 11:30,2026-10-05 11:30,2026-10-05 11:30,utilitaire,https://www.ouedkniss.com/utilitaire-renault-symbol-2019-made-in-bladi-oued-el-ma-batna-algerie-d55718593
57775968,Renault Kangoo 2019 Confort (Utilitaire),Renault,Kangoo,2019,300,300,1.5 DCI 90ch,Diesel,150000,Manuelle,Birtouta,16,,,2026-09-30 11:30,2026-10-05 11:30,2026-10-05 11:30,utilitaire,https://www.ouedkniss.com/utilitaire-renault-kangoo-2019-confort-birtouta-alger-algerie-d57775968
57826599,Hyundai Grand I10 2017 Grand I10,Hyundai,Grand i10,2017,220,220,1.2 ess 87ch,Essence,30000,Manuelle,Tlemcen,13,,,2026-09-30 11:30,2026-10-05 11:30,2026-10-05 11:30,voitures,https://www.ouedkniss.com/voitures-hyundai-grand-i10-2017-tlemcen-algerie-d57826599
58012023,Hyundai I10 2014,Hyundai,i10,2014,250,250,,,135900,,Alger centre,16,,,2026-09-30 11:30,2026-10-05 11:30,2026-10-05 11:30,voitures,https://www.ouedkniss.com/voitures-hyundai-i10-2014-alger-centre-algerie-d58012023
57734937,Renault Clio5 2022 Intense Plus,Renault,Clio5,2022,375,375,1.0 100ch turbo,GPL,98000,Manuelle,El kala,36,,,2026-09-30 11:30,2026-10-05 11:30,2026-10-05 11:30,voitures,https://www.ouedkniss.com/voitures-renault-clio5-2022-intense-plus-el-kala-tarf-algerie-d57734937
58011864,Suzuki Swift 2022 Swift,Suzuki,Swift,2022,300,300,1.3 VVT 94ch,Essence,93800,Automatique,Sidi maarouf,18,,,2026-09-30 11:30,2026-10-05 11:30,2026-10-05 11:30,voitures,https://www.ouedkniss.com/voitures-suzuki-swift-2022-sidi-maarouf-jijel-algerie-d58011864
57886953,Hyundai Accent 2019 Accent,Hyundai,Accent,2019,285,285,1.6 CRDI 128ch,Diesel,118000,Manuelle,Bourouba,16,,1,2026-09-30 11:30,2026-10-05 11:30,2026-10-05 11:30,voitures,https://www.ouedkniss.com/voitures-hyundai-accent-2019-bourouba-alger-algerie-d57886953
58012215,Peugeot 301 2022 301,Peugeot,301,2022,318,318,1.6 HDI 92ch,Diesel,94382,Manuelle,Chelghoum laid,43,,,2026-09-30 11:30,2026-10-05 11:30,2026-10-05 11:30,voitures,https://www.ouedkniss.com/voitures-peugeot-301-2022-chelghoum-laid-mila-algerie-d58012215
58010346,Yamaha Mt07 Yamaha 2023,Yamaha,Mt07 Yamaha,2023,225,225,,,16000,Manuelle,Setif,19,,,2026-09-30 11:30,2026-10-05 11:30,2026-10-05 11:30,motos,https://www.ouedkniss.com/motos-scooters-yamaha-mt07-2023-setif-algerie-d58010346
58010196,Peugeot 208 2024 Allure Pack,Peugeot,208,2024,350,350,1.2 PureTech 75ch,Essence,111000,Automatique,Bir el djir,31,,,2026-09-30 11:30,2026-10-05 11:30,2026-10-05 11:30,voitures,https://www.ouedkniss.com/voitures-peugeot-208-2024-allure-pack-bir-el-djir-oran-algerie-d58010196
58009974,Dacia Stepwy 2018 سياحية,Dacia,Stepwy,2018,345,345,1.5dci,Diesel,110000,Manuelle,Tebessa,12,,,2026-09-30 11:30,2026-10-05 11:30,2026-10-05 11:30,voitures,https://www.ouedkniss.com/voitures-dacia-stepwy-2018-%D8%B3%D9%8A%D8%A7%D8%AD%D9%8A%D8%A9-tebessa-algerie-d58009974
57975684,Yamaha Yamaha Tmax 560 2021,Yamaha,Yamaha Tmax,2021,235,235,,,28800,Automatique,Staoueli,16,,,2026-09-30 11:30,2026-10-05 11:30,2026-10-05 11:30,motos,https://www.ouedkniss.com/motos-scooters-yamaha-tmax-560-2021-staoueli-alger-algerie-d57975684
57605538,Suzuki Swift 2022 Swift,Suzuki,Swift,2022,315,315,1.2 VVT 85ch BVA,Essence,67000,Automatique,Batna,5,,,2026-09-30 11:30,2026-10-05 11:30,2026-10-05 11:30,voitures,https://www.ouedkniss.com/voitures-suzuki-swift-2022-batna-algerie-d57605538
55021384,Geely GX3 PRO 2024 Drive,Geely,GX3 Pro,2024,345,345,"1,5 ess 102ch MT",Essence,33000,Manuelle,Tlemcen,13,,1,2026-09-30 11:30,2026-10-05 11:30,2026-10-05 11:30,voitures,https://www.ouedkniss.com/voitures-geely-gx3-pro-2024-drive-tlemcen-algerie-d55021384
57723120,Peugeot 301 2022 Allure,Peugeot,301,2022,335,335,1.6 HDI 92ch,Diesel,142000,Manuelle,Ain defla,44,,,2026-09-30 11:30,2026-10-05 11:30,2026-10-05 11:30,voitures,https://www.ouedkniss.com/voitures-peugeot-301-2022-allure-ain-defla-algerie-d57723120
58007097,Hyundai Accent RB 5 Portes 2019 GL DZ,Hyundai,Accent RB,2019,300,300,1.6 CRDI 128ch,Diesel,112000,Manuelle,Bougaa,19,,,2026-09-30 11:30,2026-10-05 11:30,2026-10-05 11:30,voitures,https://www.ouedkniss.com/voitures-hyundai-accent-rb-5-portes-2019-gl-dz-bougaa-setif-algerie-d58007097
57225312,Suzuki Swift 2015 Swift,Suzuki,Swift,2015,270,270,1.3 VVT 94ch,Essence,130000,Manuelle,Beni messous,16,,,2026-09-30 11:30,2026-10-05 11:30,2026-10-05 11:30,voitures,https://www.ouedkniss.com/voitures-suzuki-swift-2015-beni-messous-alger-algerie-d57225312
57915945,Renault Clio 4 2019 GT Line +,Renault,Clio 4,2019,370,370,DCI,Diesel,116000,Manuelle,Tlemcen,13,,,2026-09-30 11:30,2026-10-05 11:30,2026-10-05 11:30,voitures,https://www.ouedkniss.com/voitures-renault-clio-4-2019-gt-line-tlemcen-algerie-d57915945
53189096,Renault Clio 4 2018 Limited,Renault,Clio 4,2018,310,310,0.9 tce 90 ch,Essence,145000,Manuelle,El eulma,19,,2,2026-09-30 11:30,2026-10-05 11:30,2026-10-05 11:30,voitures,https://www.ouedkniss.com/voitures-renault-clio-4-2018-limited-el-eulma-setif-algerie-d53189096
58008114,Seat Ibiza 2018 Sol,Seat,Ibiza,2018,320,320,1.6 MPi 110 ch,Essence,130000,Manuelle,Kherrata,6,,,2026-09-30 11:30,2026-10-05 11:30,2026-10-05 11:30,voitures,https://www.ouedkniss.com/voitures-seat-ibiza-2018-sol-kherrata-bejaia-algerie-d58008114
58004385,Chery Tiggo 2 Pro 2024 Luxury,Chery,Tiggo 2 Pro,2024,325,325,1.0 ess turbo 102ch,Essence,74000,Automatique,Ouled addi guebala,28,,,2026-09-30 11:30,2026-10-05 11:30,2026-10-05 11:30,voitures,https://www.ouedkniss.com/voitures-chery-tiggo-2-pro-2024-luxury-ouled-addi-guebala-msila-algerie-d58004385
58006143,Fiat 500 2025 Dolcevita MIB,Fiat,500,2025,282,282,"1,0 Hybrid 70ch",Hybride,26200,Manuelle,Bougara,9,,,2026-09-30 11:30,2026-10-05 11:30,2026-10-05 11:30,voitures,https://www.ouedkniss.com/voitures-fiat-500-2025-dolcevita-mib-bougara-blida-algerie-d58006143
58006881,Dacia Sandero 2018 Stepway PRIVILEGE,Dacia,Sandero,2018,335,335,1.5 DCI 90ch,Diesel,121000,Manuelle,Alger centre,16,,,2026-09-30 11:30,2026-10-05 11:30,2026-10-05 11:30,voitures,https://www.ouedkniss.com/voitures-dacia-sandero-2018-stepway-privilege-alger-centre-algerie-d58006881
58007676,Opel Mokka 2024 Elegance,Opel,Mokka,2024,380,380,1.2 ess PureTech Turbo 130ch,Essence,73000,Automatique,Tizi ouzou,15,,,2026-09-30 11:30,2026-10-05 11:30,2026-10-05 11:30,voitures,https://www.ouedkniss.com/voitures-opel-mokka-2024-elegance-tizi-ouzou-algerie-d58007676
58006821,Renault Clio 4 Facelift 2020 Limited 2,Renault,Clio 4,2020,325,325,1.5 DCi 85ch,Diesel,86000,Manuelle,Said hamdine,16,,,2026-09-30 11:30,2026-10-05 11:30,2026-10-05 11:30,voitures,https://www.ouedkniss.com/voitures-renault-clio-4-facelift-2020-limited-2-said-hamdine-alger-algerie-d58006821
58005891,Chery Yuky 2021 Chery,Chery,Yuky,2021,215,215,Chery,Essence,125000,Manuelle,Bouchrahil,26,,,2026-09-30 11:30,2026-10-05 11:30,2026-10-05 11:30,utilitaire,https://www.ouedkniss.com/utilitaire-chery-yuky-2021-bouchrahil-medea-algerie-d58005891
58006677,Hyundai I10 2024 Grand,Hyundai,i10,2024,360,360,1.2,Essence,64000,Automatique,Adrar,1,,,2026-09-30 11:30,2026-10-05 11:30,2026-10-05 11:30,voitures,https://www.ouedkniss.com/voitures-hyundai-i10-2024-grand-adrar-algerie-d58006677
58005708,Renault Symbol 2019,Renault,Symbol,2019,310,310,1.6 ess 100ch,Essence,135000,Manuelle,Ghardaia,47,,,2026-09-30 11:30,2026-10-05 11:30,2026-10-05 11:30,voitures,https://www.ouedkniss.com/voitures-renault-symbol-2019-ghardaia-algerie-d58005708
58005525,Geely GX3 PRO 2024 FUN,Geely,GX3 Pro,2024,335,335,"1,5 ess 102ch MT",GPL,93000,Manuelle,Oran,31,,,2026-09-30 11:30,2026-10-05 11:30,2026-10-05 11:30,voitures,https://www.ouedkniss.com/voitures-geely-gx3-pro-2024-fun-oran-algerie-d58005525
57366147,Mitsubishi L200 2010 L200,Mitsubishi,L200,2010,210,210,2.5 D,Diesel,111111,Manuelle,Tessala ldematai,43,,,2026-09-30 11:30,2026-10-05 11:30,2026-10-05 11:30,utilitaire,https://www.ouedkniss.com/utilitaire-mitsubishi-l200-2010-tessala-ldematai-mila-algerie-d57366147
57444741,Dacia Sandero 2018 Stepway Restylée,Dacia,Sandero,2018,339,339,1.5 DCI 90ch,Diesel,138000,Manuelle,Ain temouchent,46,,,2026-09-30 11:30,2026-10-05 11:30,2026-10-05 11:30,voitures,https://www.ouedkniss.com/voitures-dacia-sandero-2018-stepway-restylee-ain-temouchent-algerie-d57444741
58001091,Livan X3 Pro 2025 Manuelle (Sans Toit Ouvrant),Livan,X3 Pro,2025,315,315,1.5 ess 113ch,,15000,,Cheraga,16,,,2026-09-30 11:30,2026-10-05 11:30,2026-10-05 11:30,voitures,https://www.ouedkniss.com/voitures-livan-x3-pro-2025-manuelle-sans-toit-ouvrant-cheraga-alger-algerie-d58001091
57995715,Geely Emgrand 2026 Luxury,Geely,Emgrand,2026,337,337,1.5ESS 122CHV MPI,Essence,21000,Manuelle,Azazga,15,,,2026-09-30 11:30,2026-10-05 11:30,2026-10-05 11:30,voitures,https://www.ouedkniss.com/voitures-geely-emgrand-2026-luxury-azazga-tizi-ouzou-algerie-d57995715
57668781,Fiat 500 2024 Dolcevita Plus,Fiat,500,2024,290,290,"1,0 Hybrid 70ch",Essence,49000,Manuelle,Tizi ouzou,15,,,2026-09-30 11:30,2026-10-05 11:30,2026-10-05 11:30,voitures,https://www.ouedkniss.com/voitures-fiat-500-2024-dolcevita-plus-tizi-ouzou-algerie-d57668781
57993111,Fiat Doblo 2023,Fiat,Doblo,2023,375,375,1.6 hdi,Diesel,47000,Manuelle,Saida,20,,,2026-09-30 11:30,2026-10-05 11:30,2026-10-05 11:30,utilitaire,https://www.ouedkniss.com/utilitaire-fiat-doblo-2023-saida-algerie-d57993111
57991848,Fiat Doblo 2024 Doblo,Fiat,Doblo,2024,380,380,1.6hdi92,Diesel,85000,Manuelle,Constantine,25,,,2026-09-30 11:30,2026-10-05 11:30,2026-10-05 11:30,utilitaire,https://www.ouedkniss.com/utilitaire-fiat-doblo-2024-constantine-algerie-d57991848
57988944,Fiat Doblo 2023 Talyani,Fiat,Doblo,2023,368,368,1.6hdi,Diesel,73000,Manuelle,Beni aziz,19,,,2026-09-30 11:30,2026-10-05 11:30,2026-10-05 11:30,utilitaire,https://www.ouedkniss.com/utilitaire-fiat-doblo-2023-talyani-beni-aziz-setif-algerie-d57988944
57999318,Renault Kwid 2024 Outsider,Renault,Kwid,2024,294,294,,,34000,,Oran,31,,,2026-09-30 11:30,2026-10-05 11:30,2026-10-05 11:30,voitures,https://www.ouedkniss.com/voitures-renault-kwid-2024-outsider-oran-algerie-d57999318
57999066,Renault Clio 4 2021 GT Line +,Renault,Clio 4,2021,350,350,1.5 DCI 85ch,Diesel,140000,Manuelle,Sebdou,13,,,2026-09-30 11:30,2026-10-05 11:30,2026-10-05 11:30,voitures,https://www.ouedkniss.com/voitures-renault-clio-4-2021-gt-line-sebdou-tlemcen-algerie-d57999066
57702324,Fiat 500 2024 Dolcevita Plus,Fiat,500,2024,300,300,"1,0 Hybrid 70ch",Hybride,54000,Manuelle,Ouled yaich,9,,,2026-09-30 11:30,2026-10-05 11:30,2026-10-05 11:30,voitures,https://www.ouedkniss.com/voitures-fiat-500-2024-dolcevita-plus-ouled-yaich-blida-algerie-d57702324
57998985,Kia Picanto 2014 Funny,Kia,Picanto,2014,210,210,1.2 ess CVVT 87ch,Essence,27475,Manuelle,Belouizdad,16,,,2026-09-30 11:30,2026-10-05 11:30,2026-10-05 11:30,voitures,https://www.ouedkniss.com/voitures-kia-picanto-2014-funny-belouizdad-alger-algerie-d57998985
57998919,MG MG5 2025 MG5 Luxury Edition,MG,MG5,2025,360,360,1.5 Ess 128CH - 180DVVT,Essence,30000,Automatique,Blida,9,,,2026-09-30 11:30,2026-10-05 11:30,2026-10-05 11:30,voitures,https://www.ouedkniss.com/voitures-mg-mg5-2025-luxury-edition-blida-algerie-d57998919
57994731,Livan X3 Pro 2025 Automatique (Avec Toi Ouvrant ),Livan,X3 Pro,2025,320,320,1.5 ess 113ch,Essence,28000,Automatique,Ain mlila,4,,,2026-09-30 11:30,2026-10-05 11:30,2026-10-05 11:30,voitures,https://www.ouedkniss.com/voitures-livan-x3-pro-2025-automatique-avec-toi-ouvrant-ain-mlila-oum-el-bouaghi-algerie-d57994731
56373001,Fiat 500 2020 Rockstar,Fiat,500,2020,305,305,1.0,Essence,146000,Manuelle,Bir mourad rais,16,,,2026-09-30 11:30,2026-10-05 11:30,2026-10-05 11:30,voitures,https://www.ouedkniss.com/voitures-fiat-500-2020-rockstar-bir-mourad-rais-alger-algerie-d56373001
57814527,Dacia Sandero 2018 Stepway,Dacia,Sandero,2018,365,365,1.5 DCI 90ch,Diesel,84000,Manuelle,Boumerdes,35,,,2026-09-30 11:30,2026-10-05 11:30,2026-10-05 11:30,voitures,https://www.ouedkniss.com/voitures-dacia-sandero-2018-stepway-boumerdes-algerie-d57814527
57131940,Renault Clio 4 2019 GT Line +,Renault,Clio 4,2019,350,350,1.5 dci 110,Diesel,120000,Manuelle,Bir mourad rais,16,,8,2026-09-30 11:30,2026-10-05 11:30,2026-10-05 11:30,voitures,https://www.ouedkniss.com/voitures-renault-clio-4-2019-gt-line-bir-mourad-rais-alger-algerie-d57131940
57849216,Fiat Doblo 2025,Fiat,Doblo,2025,380,380,1.6 Hdi 90ch,Diesel,46000,Manuelle,Maghnia,13,,,2026-09-30 11:30,2026-10-05 11:30,2026-10-05 11:30,utilitaire,https://www.ouedkniss.com/utilitaire-fiat-doblo-2025-maghnia-tlemcen-algerie-d57849216
57881256,BMW Série 1 2014,BMW,Serie 1,2014,300,300,114i,Essence,90000,Manuelle,Bir mourad rais,16,,1,2026-09-30 11:30,2026-10-05 11:30,2026-10-05 11:30,voitures,https://www.ouedkniss.com/voitures-bmw-serie-1-2014-bir-mourad-rais-alger-algerie-d57881256
56975638,Yamaha R1M 2015,Yamaha,R1M,2015,350,350,,,20000,Semi Automatique,Ouled fayet,16,,5,2026-09-30 11:30,2026-10-05 11:30,2026-10-05 11:30,motos,https://www.ouedkniss.com/motos-scooters-yamaha-r1m-2015-ouled-fayet-alger-algerie-d56975638
57997143,Seat Ibiza 2018 Sol,Seat,Ibiza,2018,320,320,1.6 MPi 110 ch,Essence,134333,Manuelle,Kherrata,6,,,2026-09-30 11:30,2026-10-05 11:30,2026-10-05 11:30,voitures,https://www.ouedkniss.com/voitures-seat-ibiza-2018-sol-kherrata-bejaia-algerie-d57997143
57997059,Fiat 500 2024 Dolcevita MIB,Fiat,500,2024,300,300,,Essence,38000,Manuelle,Mostaganem,27,,,2026-09-30 11:30,2026-10-05 11:30,2026-10-05 11:30,voitures,https://www.ouedkniss.com/voitures-fiat-500-2024-dolcevita-mib-mostaganem-algerie-d57997059
57997083,Fiat 500x 2023 Club,Fiat,500X,2023,339,339,1.4l MultiAir ess 140ch DCT,Essence,99000,Automatique,El biar,16,,,2026-09-29 11:30,2026-10-05 11:30,2026-10-05 11:30,voitures,https://www.ouedkniss.com/voitures-fiat-500x-2023-club-el-biar-alger-algerie-d57997083
57970101,Seat ARONA 2019 Style,Seat,Arona,2019,380,380,1.6 MPi 110 ch,Essence,150000,Automatique,Bab ezzouar,16,,1,2026-09-29 11:30,2026-10-05 11:30,2026-10-05 11:30,voitures,https://www.ouedkniss.com/voitures-seat-arona-2019-style-bab-ezzouar-alger-algerie-d57970101
57281655,Hyundai Accent RB 5 Portes 2018,Hyundai,Accent RB,2018,305,305,1.4 ess 107ch,Essence,121500,Manuelle,Beni mered,9,,1,2026-09-29 11:30,2026-10-05 11:30,2026-10-05 11:30,voitures,https://www.ouedkniss.com/voitures-hyundai-accent-rb-5-portes-2018-beni-mered-blida-algerie-d57281655
57613923,Chery Tiggo 2 Pro 2024 Luxury,Chery,Tiggo 2 Pro,2024,305,305,1.0 ess turbo 102ch,Essence,33000,Automatique,Oum el bouaghi,4,,,2026-09-29 11:30,2026-10-05 11:30,2026-10-05 11:30,voitures,https://www.ouedkniss.com/voitures-chery-tiggo-2-pro-2024-luxury-oum-el-bouaghi-algerie-d57613923
57608043,Chery Tiggo 2 Pro 2024 Luxury,Chery,Tiggo 2 Pro,2024,305,305,1.0 ess turbo 102ch,Essence,33000,,Sedrata,41,,,2026-09-29 11:30,2026-10-05 11:30,2026-10-05 11:30,voitures,https://www.ouedkniss.com/voitures-chery-tiggo-2-pro-2024-luxury-sedrata-souk-ahras-algerie-d57608043
57603732,Chery Tiggo 2 Pro 2024 Luxury,Chery,Tiggo 2 Pro,2024,305,305,1.0 ess turbo 102ch,Essence,33000,Automatique,Oum el bouaghi,4,,,2026-09-29 11:30,2026-10-05 11:30,2026-10-05 11:30,voitures,https://www.ouedkniss.com/voitures-chery-tiggo-2-pro-2024-luxury-oum-el-bouaghi-algerie-d57603732
57998460,Kia Picanto 2019 LX Start,Kia,Picanto,2019,335,335,1.2 ess 84ch,Essence,110000,Manuelle,Oran,31,,,2026-09-29 11:30,2026-10-05 11:30,2026-10-05 11:30,voitures,https://www.ouedkniss.com/voitures-kia-picanto-2019-lx-start-oran-algerie-d57998460
57998181,Hyundai I20 2019 I20,Hyundai,i20,2019,320,320,1.4 diesel,Diesel,140000,Manuelle,Bejaia,6,,,2026-09-29 11:30,2026-10-05 11:30,2026-10-05 11:30,voitures,https://www.ouedkniss.com/voitures-hyundai-i20-2019-bejaia-algerie-d57998181
57994407,Peugeot 208 2016 Active Facelift,Peugeot,208,2016,265,265,1.2 VTI 82ch,Essence,56000,Manuelle,Batna,5,,,2026-09-29 11:30,2026-10-05 11:30,2026-10-05 11:30,voitures,https://www.ouedkniss.com/voitures-peugeot-208-2016-active-facelift-batna-algerie-d57994407
57988503,Kia Sportage Restylé 2022 GT-Line,Kia,Sportage,2022,222,222,1.6 CRDi 136ch,Diesel,46000,Automatique,Seddouk,6,,,2026-09-29 11:30,2026-10-05 11:30,2026-10-05 11:30,voitures,https://www.ouedkniss.com/voitures-kia-sportage-restyle-2022-gt-line-seddouk-bejaia-algerie-d57988503
57977451,Chery Tiggo 4 Pro 2024 Premium,Chery,Tiggo 4 Pro,2024,360,360,"1,5 ess Turbo 147ch",Essence,60000,Automatique,Alger centre,16,,,2026-09-29 11:30,2026-10-05 11:30,2026-10-05 11:30,voitures,https://www.ouedkniss.com/voitures-chery-tiggo-4-pro-2024-premium-alger-centre-algerie-d57977451
57976974,Kia Picanto 2025 La Tout,Kia,Picanto,2025,365,365,1.2,Essence,20850,Automatique,Batna,5,,,2026-09-29 11:30,2026-10-05 11:30,2026-10-05 11:30,voitures,https://www.ouedkniss.com/voitures-kia-picanto-2025-la-tout-batna-algerie-d57976974
53794949,Opel Corsa 2021 Gs Line,Opel,Corsa,2021,300,300,1.2 puretech 100ch,Essence,121000,Manuelle,Bir el djir,31,,2,2026-09-29 11:30,2026-10-05 11:30,2026-10-05 11:30,voitures,https://www.ouedkniss.com/voitures-opel-corsa-2021-gs-line-bir-el-djir-oran-algerie-d53794949
55958569,Skoda Fabia 2021 Style,Skoda,Fabia,2021,350,350,1.0 TSI 110 CV,Essence,126000,Manuelle,Mohammadia,16,,,2026-09-29 11:30,2026-10-05 11:30,2026-10-05 11:30,voitures,https://www.ouedkniss.com/voitures-skoda-fabia-2021-style-mohammadia-alger-algerie-d55958569
57988140,Kia Picanto 2018 GT-Line,Kia,Picanto,2018,338,338,1.2 ess CVVT 87ch BVA,Essence,133000,Automatique,Laghouat,3,,,2026-09-29 11:30,2026-10-05 11:30,2026-10-05 11:30,voitures,https://www.ouedkniss.com/voitures-kia-picanto-2018-gt-line-laghouat-algerie-d57988140
54246353,Baic X55 2023 Senova,BAIC,X55,2023,350,350,1.5 ess,Essence,45000,Automatique,Setif,19,,,2026-09-29 11:30,2026-10-05 11:30,2026-10-05 11:30,voitures,https://www.ouedkniss.com/voitures-baic-x55-2023-senova-setif-algerie-d54246353
56162530,Renault Clio 5 2023 Evolution,Renault,Clio 5,2023,360,360,1.0 TCe 90ch,Essence,113000,Manuelle,Bir el djir,31,,1,2026-09-29 11:30,2026-10-05 11:30,2026-10-05 11:30,voitures,https://www.ouedkniss.com/voitures-renault-clio-5-2023-evolution-bir-el-djir-oran-algerie-d56162530
57508026,Peugeot 308 2016 Active,Peugeot,308,2016,310,310,1.6 simple,Essence,138900,Manuelle,Sidi bel abbes,22,,4,2026-09-29 11:30,2026-10-05 11:30,2026-10-05 11:30,voitures,https://www.ouedkniss.com/voitures-peugeot-308-2016-active-sidi-bel-abbes-algerie-d57508026
57286992,Fiat Tipo Sedan 2023 City,Fiat,Tipo Sedan,2023,355,355,1.6 eTorq 110ch BVA,Essence,75000,Automatique,El oued,39,,,2026-09-29 11:30,2026-10-05 11:30,2026-10-05 11:30,voitures,https://www.ouedkniss.com/voitures-fiat-tipo-sedan-2023-city-el-oued-algerie-d57286992
57879147,Suzuki Swift 2022 Swift,Suzuki,Swift,2022,334,334,1.2 VVT 85ch,Essence,121000,Automatique,Ain el turck,31,,,2026-09-29 11:30,2026-10-05 11:30,2026-10-05 11:30,voitures,https://www.ouedkniss.com/voitures-suzuki-swift-2022-ain-el-turck-oran-algerie-d57879147
57990147,Renault Clio 4 2018 Limited,Renault,Clio 4,2018,323,323,1.5 DCI 85ch,Diesel,135000,Manuelle,Tlemcen,13,,,2026-09-29 11:30,2026-10-05 11:30,2026-10-05 11:30,voitures,https://www.ouedkniss.com/voitures-renault-clio-4-2018-limited-tlemcen-algerie-d57990147
57956673,Fiat 500 2023 CLUB,Fiat,500,2023,290,290,"1,0 Hybrid 70ch",Essence,43300,Manuelle,Oran,31,,,2026-09-29 11:30,2026-10-05 11:30,2026-10-05 11:30,voitures,https://www.ouedkniss.com/voitures-fiat-500-2023-club-oran-algerie-d57956673
57956652,Kia Picanto 2024 Comfort Line,Kia,Picanto,2024,375,375,1.2,Essence,70000,Manuelle,Es senia,31,,,2026-09-29 11:30,2026-10-05 11:30,2026-10-05 11:30,voitures,https://www.ouedkniss.com/voitures-kia-picanto-2024-comfort-line-es-senia-oran-algerie-d57956652
57987324,Renault Clio 4 2015 Limited,Renault,Clio 4,2015,235,235,1.2 ess 16V 75ch,Essence,39000,Manuelle,Beni tamou,9,,,2026-09-29 11:30,2026-10-05 11:30,2026-10-05 11:30,voitures,https://www.ouedkniss.com/voitures-renault-clio-4-2015-limited-beni-tamou-blida-algerie-d57987324
57989880,Peugeot Partner 2015,Peugeot,Partner,2015,380,380,1.6 HDI FAP 115 CH,Diesel,140000,Manuelle,Reghaia,16,,,2026-09-29 11:30,2026-10-05 11:30,2026-10-05 11:30,voitures,https://www.ouedkniss.com/voitures-peugeot-partner-2015-reghaia-alger-algerie-d57989880
52729265,Citroen C Elysée 2013,Citroen,C-Elysee,2013,260,260,1.6 VTI 115ch,GPL,109000,Manuelle,Oued fodda,2,,,2026-09-29 11:30,2026-10-05 11:30,2026-10-05 11:30,voitures,https://www.ouedkniss.com/voitures-citroen-c-elysee-2013-oued-fodda-chlef-algerie-d52729265
57989244,Ford Fiesta 2014 Titanium,Ford,Fiesta,2014,230,230,1.25 ess 82ch,Essence,140000,Manuelle,Birtouta,16,,,2026-09-29 11:30,2026-10-05 11:30,2026-10-05 11:30,voitures,https://www.ouedkniss.com/voitures-ford-fiesta-2014-titanium-birtouta-alger-algerie-d57989244
57985995,Peugeot 208 2024 Allure Pack,Peugeot,208,2024,380,380,1.2 PureTech 75ch,Essence,22676,Manuelle,Sidi bel abbes,22,,,2026-09-29 11:30,2026-10-05 11:30,2026-10-05 11:30,voitures,https://www.ouedkniss.com/voitures-peugeot-208-2024-allure-pack-sidi-bel-abbes-algerie-d57985995
57989199,Geely Emgrand 2024,Geely,Emgrand,2024,342,342,,,64000,,El oued,39,,,2026-09-29 11:30,2026-10-05 11:30,2026-10-05 11:30,voitures,https://www.ouedkniss.com/voitures-geely-emgrand-2024-el-oued-algerie-d57989199
54111317,MG ZS 2022 Toue Options,MG,MG ZS,2022,370,370,1.5 4 pistons,Essence,53000,Manuelle,Djebahia,10,,3,2026-09-29 11:30,2026-10-05 11:30,2026-10-05 11:30,voitures,https://www.ouedkniss.com/voitures-mg-zs-2022-toue-options-djebahia-bouira-algerie-d54111317
57419052,Dacia Sandero 2019 Sandero,Dacia,Sandero,2019,375,375,1.5 DCI 90ch,Diesel,127000,Manuelle,Souagui,26,,,2026-09-29 11:30,2026-10-05 11:30,2026-10-05 11:30,voitures,https://www.ouedkniss.com/voitures-dacia-sandero-2019-souagui-medea-algerie-d57419052
56827088,Geely GX3 PRO 2024 Drive,Geely,GX3 Pro,2024,320,320,"1,5 ess 102ch MT",Essence,28000,Manuelle,El khroub,25,,,2026-09-29 11:30,2026-10-05 11:30,2026-10-05 11:30,voitures,https://www.ouedkniss.com/voitures-geely-gx3-pro-2024-drive-el-khroub-constantine-algerie-d56827088
57859680,Fiat Doblo 2024 DOBLO,Fiat,Doblo,2024,380,380,1.6HDI,Diesel,46500,Manuelle,Setif,19,,,2026-09-29 11:30,2026-10-05 11:30,2026-10-05 11:30,utilitaire,https://www.ouedkniss.com/utilitaire-fiat-doblo-2024-setif-algerie-d57859680
54676082,BMW GS 1200 ADVENTURE 2018,BMW,GS 1200,2018,255,255,,,86000,Semi Automatique,Bab ezzouar,16,,2,2026-09-29 11:30,2026-10-05 11:30,2026-10-05 11:30,motos,https://www.ouedkniss.com/motos-scooters-bmw-gs-1200-adventure-2018-bab-ezzouar-alger-algerie-d54676082
57970311,Dacia Sandero 2018 Stepway,Dacia,Sandero,2018,370,370,1.5 DCI 90ch,Diesel,134000,Manuelle,Kouba,16,,,2026-09-29 11:30,2026-10-05 11:30,2026-10-05 11:30,voitures,https://www.ouedkniss.com/voitures-dacia-sandero-2018-stepway-kouba-alger-algerie-d57970311
57570201,Kia Rio 2019 LX,Kia,Rio,2019,315,315,1.6l ess 123ch BVA,Essence,140000,Automatique,Ngaous,5,,4,2026-09-29 11:30,2026-10-05 11:30,2026-10-05 11:30,voitures,https://www.ouedkniss.com/voitures-kia-rio-2019-lx-ngaous-batna-algerie-d57570201
57942579,Chery Tiggo 2 Pro 2024 Luxury,Chery,Tiggo 2 Pro,2024,290,290,1.5 ess 108ch,Essence,54000,Automatique,Oran,31,,,2026-09-29 11:30,2026-10-05 11:30,2026-10-05 11:30,voitures,https://www.ouedkniss.com/voitures-chery-tiggo-2-pro-2024-luxury-oran-algerie-d57942579
57562107,Hyundai Grand I10 Sedan 2019,Hyundai,Grand i10,2019,265,265,1.2 ess 87ch,Essence,150000,Manuelle,Mahelma,16,,3,2026-09-29 11:30,2026-10-05 11:30,2026-10-05 11:30,voitures,https://www.ouedkniss.com/voitures-hyundai-grand-i10-sedan-2019-mahelma-alger-algerie-d57562107
57967488,Renault Symbol 2017 Made In Bladi,Renault,Symbol,2017,330,330,1.6 ess MPi 80 ch,Essence,125161,Manuelle,Rouiba,16,,,2026-09-29 11:30,2026-10-05 11:30,2026-10-05 11:30,voitures,https://www.ouedkniss.com/voitures-renault-symbol-2017-made-in-bladi-rouiba-alger-algerie-d57967488
57979173,Fiat Doblo 2023 Tolé,Fiat,Doblo,2023,348,348,1.6 hdi,Diesel,115000,Manuelle,Constantine,25,,1,2026-09-29 11:30,2026-10-05 11:30,2026-10-05 11:30,utilitaire,https://www.ouedkniss.com/utilitaire-fiat-doblo-2023-tole-constantine-algerie-d57979173
57287895,Peugeot 208 2023 Allure Pack,Peugeot,208,2023,350,350,1.2 PureTech 100ch,Essence,78000,Manuelle,Baba hassen,16,,1,2026-09-29 11:30,2026-10-05 11:30,2026-10-05 11:30,voitures,https://www.ouedkniss.com/voitures-peugeot-208-2023-allure-pack-baba-hassen-alger-algerie-d57287895
57729492,Suzuki Swift 2022 Swift,Suzuki,Swift,2022,320,320,1.3 VVT 94ch,Essence,31000,Automatique,Ouargla,30,,1,2026-09-29 11:30,2026-10-05 11:30,2026-10-05 11:30,voitures,https://www.ouedkniss.com/voitures-suzuki-swift-2022-ouargla-algerie-d57729492
57980334,Suzuki Celerio 2015 GLX,Suzuki,Celerio,2015,260,260,1.0 ess 68ch,Essence,68000,Manuelle,Khemisti,42,,,2026-09-29 11:30,2026-10-05 11:30,2026-10-05 11:30,voitures,https://www.ouedkniss.com/voitures-suzuki-celerio-2015-glx-khemisti-tipaza-algerie-d57980334
56888291,Opel Corsa 2022 Corsa,Opel,Corsa,2022,310,310,1.2 ess 85ch,Essence,71000,Manuelle,Blida,9,,,2026-09-29 11:30,2026-10-05 11:30,2026-10-05 11:30,voitures,https://www.ouedkniss.com/voitures-opel-corsa-2022-blida-algerie-d56888291
57980220,Hyundai Grand I10 2018,Hyundai,Grand i10,2018,330,330,1.2 ess 87ch,Essence,52000,Automatique,Metlilli,47,,,2026-09-29 11:30,2026-10-05 11:30,2026-10-05 11:30,voitures,https://www.ouedkniss.com/voitures-hyundai-grand-i10-2018-metlilli-ghardaia-algerie-d57980220
57979533,Kia Rio 2020 Start+,Kia,Rio,2020,325,325,1.4l ess 100ch,Essence,100000,Manuelle,El biar,16,,,2026-09-29 11:30,2026-10-05 11:30,2026-10-05 11:30,voitures,https://www.ouedkniss.com/voitures-kia-rio-2020-start-el-biar-alger-algerie-d57979533
57979476,Nissan Juke 2021 F16,Nissan,Juke,2021,379,379,1.0 DIG-T,Essence,101000,Manuelle,Rahmania,16,,,2026-09-29 11:30,2026-10-05 11:30,2026-10-05 11:30,voitures,https://www.ouedkniss.com/voitures-nissan-juke-2021-f16-rahmania-alger-algerie-d57979476
57977895,Peugeot 301 2013 Allure,Peugeot,301,2013,235,235,1.2 VTI 72ch,Essence,140000,Manuelle,Ain defla,44,,,2026-09-29 11:30,2026-10-05 11:30,2026-10-05 11:30,voitures,https://www.ouedkniss.com/voitures-peugeot-301-2013-allure-ain-defla-algerie-d57977895
57974331,Fiat Doblo 2024 Talian,Fiat,Doblo,2024,350,350,1.6,Diesel,100000,Manuelle,Ain oussara,17,,,2026-09-29 11:30,2026-10-05 11:30,2026-10-05 11:30,utilitaire,https://www.ouedkniss.com/utilitaire-fiat-doblo-2024-talian-ain-oussara-djelfa-algerie-d57974331
57810483,Peugeot 208 2021 Allure,Peugeot,208,2021,276,276,1.2 VTI 82ch,Essence,91000,Manuelle,Constantine,25,,1,2026-09-29 11:30,2026-10-05 11:30,2026-10-05 11:30,voitures,https://www.ouedkniss.com/voitures-peugeot-208-2021-allure-constantine-algerie-d57810483
57255354,Hyundai I30 2019 Toute Options,Hyundai,i30,2019,370,370,1.6 ess 115ch,Essence,148000,Automatique,Reghaia,16,,2,2026-09-29 11:30,2026-10-05 11:30,2026-10-05 11:30,voitures,https://www.ouedkniss.com/voitures-hyundai-i30-2019-toute-options-reghaia-alger-algerie-d57255354
57853395,Geely Coolray 2025 Super Max,Geely,Coolray,2025,378,378,1.5 Ess 128 ch,Essence,21000,Automatique,Alger centre,16,,,2026-09-29 11:30,2026-10-05 11:30,2026-10-05 11:30,voitures,https://www.ouedkniss.com/voitures-geely-coolray-2025-super-max-alger-centre-algerie-d57853395
57628230,Fiat 500 2024 Dolcevita Plus,Fiat,500,2024,276,276,"1,0 Hybrid 70ch",Essence,44000,Manuelle,Mansourah,13,,1,2026-09-29 11:30,2026-10-05 11:30,2026-10-05 11:30,voitures,https://www.ouedkniss.com/voitures-fiat-500-2024-dolcevita-plus-mansourah-tlemcen-algerie-d57628230
57052248,Citroen C3 2022 C-Series,Citroen,C3,2022,300,300,1.2 VTI 82ch,Essence,104000,Semi Automatique,El-M'ghaier,57,,,2026-09-29 11:30,2026-10-05 11:30,2026-10-05 11:30,voitures,https://www.ouedkniss.com/voitures-citroen-c3-2022-c-series-el-mghaier-meghaier-algerie-d57052248
57758685,Renault Clio 5 2021 Business,Renault,Clio 5,2021,350,350,1.0 Tce,Essence,49000,Manuelle,El magharia,16,,,2026-09-29 11:30,2026-10-05 11:30,2026-10-05 11:30,voitures,https://www.ouedkniss.com/voitures-renault-clio-5-2021-business-el-magharia-alger-algerie-d57758685
57143202,Citroen C3 2021,Citroen,C3,2021,286,286,1.2,Essence,113000,Manuelle,Sidi bel abbes,22,,1,2026-09-29 11:30,2026-10-05 11:30,2026-10-05 11:30,voitures,https://www.ouedkniss.com/voitures-citroen-c3-2021-sidi-bel-abbes-algerie-d57143202
57195921,Hyundai Kona 2020 Iron Man,Hyundai,Kona,2020,340,340,1.6 177ch,Essence,110000,Automatique,Mohammadia,16,,8,2026-09-29 11:30,2026-10-05 11:30,2026-10-05 11:30,voitures,https://www.ouedkniss.com/voitures-hyundai-kona-2020-iron-man-mohammadia-alger-algerie-d57195921
57666792,Mercedes Classe E 2011 Bleu Efficincy,Mercedes,Classe E,2011,280,280,220 CDI BlueEfficiency,Diesel,20000,,Oran,31,,,2026-09-29 11:30,2026-10-05 11:30,2026-10-05 11:30,voitures,https://www.ouedkniss.com/voitures-mercedes-classe-e-2011-bleu-efficincy-oran-algerie-d57666792
55841656,Peugeot 208 2019 Allure,Peugeot,208,2019,351,351,1.6 HDI 92ch,Diesel,128000,Manuelle,Setif,19,,,2026-09-29 11:30,2026-10-05 11:30,2026-10-05 11:30,voitures,https://www.ouedkniss.com/voitures-peugeot-208-2019-allure-setif-algerie-d55841656
51231460,Chery Tiggo 4 Pro 2024 Luxury,Chery,Tiggo 4 Pro,2024,355,355,1.5 ess 113ch,Essence,93000,Automatique,Zeralda,16,,,2026-09-29 11:30,2026-10-05 11:30,2026-10-05 11:30,voitures,https://www.ouedkniss.com/voitures-chery-tiggo-4-pro-2024-luxury-zeralda-alger-algerie-d51231460
57851553,Kia MORNING 2024 FULL OPTION,Kia,MORNING,2024,350,350,1.0,Essence,51000,Automatique,Baraki,16,,1,2026-09-28 11:30,2026-10-05 11:30,2026-10-05 11:30,voitures,https://www.ouedkniss.com/voitures-kia-morning-2024-full-option-baraki-alger-algerie-d57851553
57887586,Livan X3 Pro 2026 Manuelle (Avec Toit Ouvrant),Livan,X3 Pro,2026,322,322,1.5 ess 113ch,Essence,18000,Manuelle,Saoula,16,,,2026-09-28 11:30,2026-10-05 11:30,2026-10-05 11:30,voitures,https://www.ouedkniss.com/voitures-livan-x3-pro-2026-manuelle-avec-toit-ouvrant-saoula-alger-algerie-d57887586
57756105,Fiat 500x 2023 Club,Fiat,500X,2023,360,360,1.4l MultiAir ess 140ch DCT,Essence,85000,Automatique,Chlef,2,,1,2026-09-28 11:30,2026-10-05 11:30,2026-10-05 11:30,voitures,https://www.ouedkniss.com/voitures-fiat-500x-2023-club-chlef-algerie-d57756105
57485757,Renault Symbol 2019 Symbol,Renault,Symbol,2019,315,315,1.2 ess 16V 75ch,Essence,112000,Manuelle,Sidi aissa,28,,,2026-09-28 11:30,2026-10-05 11:30,2026-10-05 11:30,voitures,https://www.ouedkniss.com/voitures-renault-symbol-2019-sidi-aissa-msila-algerie-d57485757
54615464,SsangYong Kyron 2012 Kyron,Ssangyong,Kyron,2012,200,200,,,26000,Manuelle,El oued,39,,2,2026-09-28 11:30,2026-10-05 11:30,2026-10-05 11:30,voitures,https://www.ouedkniss.com/voitures-ssangyong-kyron-2012-el-oued-algerie-d54615464
57904305,Geely Emgrand 2023 Exclusive GF,Geely,Emgrand,2023,308,308,1.5 127 ch,Essence,24000,Manuelle,Mostaganem,27,,1,2026-09-28 11:30,2026-10-05 11:30,2026-10-05 11:30,voitures,https://www.ouedkniss.com/voitures-geely-emgrand-2023-exclusive-gf-mostaganem-algerie-d57904305
57974997,Peugeot 208 2024 Allure Pack,Peugeot,208,2024,330,330,1.2 PureTech 100ch,Essence,67000,Manuelle,Blida,9,,1,2026-09-28 11:30,2026-10-05 11:30,2026-10-05 11:30,voitures,https://www.ouedkniss.com/voitures-peugeot-208-2024-allure-pack-blida-algerie-d57974997
57975648,Fiat 500 2025 Dolcevita MIB,Fiat,500,2025,285,285,"1,0 Hybrid 70ch",Essence,28500,Manuelle,Les eucalyptus,16,,,2026-09-28 11:30,2026-10-05 11:30,2026-10-05 11:30,voitures,https://www.ouedkniss.com/voitures-fiat-500-2025-dolcevita-mib-les-eucalyptus-alger-algerie-d57975648
54660968,Ford Focus 5 Portes 2013 Titanium,Ford,Focus,2013,330,330,1.6 Ti VCT 125ch,Essence,148000,Manuelle,Ain naadja,16,,7,2026-09-28 11:30,2026-10-05 11:30,2026-10-05 11:30,voitures,https://www.ouedkniss.com/voitures-ford-focus-5-portes-2013-titanium-ain-naadja-alger-algerie-d54660968
57972012,Mercedes Classe E 2005 Classe E,Mercedes,Classe E,2005,221.50,221.50,646,Diesel,30000,Manuelle,Batna,5,,,2026-09-28 11:30,2026-10-05 11:30,2026-10-05 11:30,voitures,https://www.ouedkniss.com/voitures-mercedes-classe-e-2005-batna-algerie-d57972012
57793293,Citroen C3 2021 Essentiel,Citroen,C3,2021,300,300,1.2 PureTech 83ch,Essence,85000,Manuelle,Sig,29,,,2026-09-28 11:30,2026-10-05 11:30,2026-10-05 11:30,voitures,https://www.ouedkniss.com/voitures-citroen-c3-2021-essentiel-sig-mascara-algerie-d57793293
57958482,Chevrolet Aveo 4 Portes 2006 Aveo 4 Portes,Chevrolet,Aveo,2006,220,220,1.5 ess 85ch,Essence,51000,Manuelle,Alger centre,16,,,2026-09-28 11:30,2026-10-05 11:30,2026-10-05 11:30,voitures,https://www.ouedkniss.com/voitures-chevrolet-aveo-4-portes-2006-alger-centre-algerie-d57958482
57903609,Kia Ceed 2022,Kia,Ceed,2022,365,365,1.0,Essence,103000,Manuelle,Bejaia,6,,,2026-09-28 11:30,2026-10-05 11:30,2026-10-05 11:30,voitures,https://www.ouedkniss.com/voitures-kia-ceed-2022-bejaia-algerie-d57903609
57974124,Renault Symbol 2019,Renault,Symbol,2019,310,310,1.6 ess 100ch,Essence,134000,Manuelle,Ghardaia,47,,,2026-09-28 11:30,2026-10-05 11:30,2026-10-05 11:30,voitures,https://www.ouedkniss.com/voitures-renault-symbol-2019-ghardaia-algerie-d57974124
57893724,Fiat 500 2025 Dolcevita MIB,Fiat,500,2025,280,280,"1,0 Hybrid 70ch",Hybride,19500,Manuelle,Blida,9,,,2026-09-28 11:30,2026-10-05 11:30,2026-10-05 11:30,voitures,https://www.ouedkniss.com/voitures-fiat-500-2025-dolcevita-mib-blida-algerie-d57893724
57973641,Citroen C3 2022,Citroen,C3,2022,350,350,1.2 PureTech 83ch,Essence,90000,Manuelle,Constantine,25,,,2026-09-28 11:30,2026-10-05 11:30,2026-10-05 11:30,voitures,https://www.ouedkniss.com/voitures-citroen-c3-2022-constantine-algerie-d57973641
57965073,Peugeot 406 2004 406,Peugeot,406,2004,350,350,2.0 HDI 110ch,Diesel,20000,Manuelle,Tlemcen,13,,1,2026-09-28 11:30,2026-10-05 11:30,2026-10-05 11:30,voitures,https://www.ouedkniss.com/voitures-peugeot-406-2004-tlemcen-algerie-d57965073
57971271,Citroen C3 2021 City Line,Citroen,C3,2021,275,275,1.2 PureTech 110ch,Essence,117000,Manuelle,Ain benian,16,,,2026-09-28 11:30,2026-10-05 11:30,2026-10-05 11:30,voitures,https://www.ouedkniss.com/voitures-citroen-c3-2021-city-line-ain-benian-alger-algerie-d57971271
57970515,Toyota Hilux 2002 Hilux,Toyota,Hilux,2002,267,267,4×4,Diesel,45021,Manuelle,Relizane,48,,1,2026-09-28 11:30,2026-10-05 11:30,2026-10-05 11:30,utilitaire,https://www.ouedkniss.com/utilitaire-toyota-hilux-2002-relizane-algerie-d57970515
57673764,Peugeot 2008 2023 Allure Pack,Peugeot,2008,2008,335,335,1.2 PureTech 130ch,Essence,104000,Automatique,Cheraga,16,,2,2026-09-28 11:30,2026-10-05 11:30,2026-10-05 11:30,voitures,https://www.ouedkniss.com/voitures-peugeot-2008-2023-allure-pack-cheraga-alger-algerie-d57673764
57771903,Livan X3 Pro 2025 Automatique (Avec Toi Ouvrant ),Livan,X3 Pro,2025,345,345,1.5 ess 113ch,Essence,16000,Automatique,Ouargla,30,,,2026-09-28 11:30,2026-10-05 11:30,2026-10-05 11:30,voitures,https://www.ouedkniss.com/voitures-livan-x3-pro-2025-automatique-avec-toi-ouvrant-ouargla-algerie-d57771903
57969036,Kia Picanto 2020,Kia,Picanto,2020,315,315,1.2 ess 84ch,Essence,100000,Manuelle,Annaba,23,,,2026-09-28 11:30,2026-10-05 11:30,2026-10-05 11:30,voitures,https://www.ouedkniss.com/voitures-kia-picanto-2020-annaba-algerie-d57969036
57968067,Livan X3 Pro 2025 Automatique (Avec Toi Ouvrant ),Livan,X3 Pro,2025,320,320,1.5 ess 113ch,Essence,26000,Automatique,Birtouta,16,,,2026-09-28 11:30,2026-10-05 11:30,2026-10-05 11:30,voitures,https://www.ouedkniss.com/voitures-livan-x3-pro-2025-automatique-avec-toi-ouvrant-birtouta-alger-algerie-d57968067
57949872,Chery Tiggo 4 Pro 2024 Luxury,Chery,Tiggo 4 Pro,2024,330,330,"1,5 ess Turbo 147ch",Essence,45000,Automatique,Setif,19,,,2026-09-28 11:30,2026-10-05 11:30,2026-10-05 11:30,voitures,https://www.ouedkniss.com/voitures-chery-tiggo-4-pro-2024-luxury-setif-algerie-d57949872
57901353,Hyundai Grand I10 2017,Hyundai,Grand i10,2017,260,260,1.2 ess 87ch BVA,Essence,17500,Manuelle,Chelghoum laid,43,,,2026-09-28 11:30,2026-10-05 11:30,2026-10-05 11:30,voitures,https://www.ouedkniss.com/voitures-hyundai-grand-i10-2017-chelghoum-laid-mila-algerie-d57901353
57964629,Great Wall M4 2016,Great Wall,Wall M4,2016,285,285,1.5,Essence,123659,Manuelle,Mila,43,,,2026-09-28 11:30,2026-10-05 11:30,2026-10-05 11:30,voitures,https://www.ouedkniss.com/voitures-great-wall-m4-2016-mila-algerie-d57964629
57964473,Toyota Corolla 2024,Toyota,Corolla,2024,360,360,1.2,Essence,30000,Automatique,Bab ezzouar,16,,,2026-09-28 11:30,2026-10-05 11:30,2026-10-05 11:30,voitures,https://www.ouedkniss.com/voitures-toyota-corolla-2024-bab-ezzouar-alger-algerie-d57964473
57964362,Geely GX3 PRO 2024 Privilège,Geely,GX3 Pro,2024,315,315,"1,5 ess 102ch CVT",Essence,20000,Automatique,Bordj el bahri,16,,,2026-09-28 11:30,2026-10-05 11:30,2026-10-05 11:30,voitures,https://www.ouedkniss.com/voitures-geely-gx3-pro-2024-privilege-bordj-el-bahri-alger-algerie-d57964362
57837027,Mini R56 2009 R56,Mini,R56,2009,300,300,Cooper S - 1.6 ess 175ch,Essence,55000,Manuelle,Rouiba,16,,,2026-09-28 11:30,2026-10-05 11:30,2026-10-05 11:30,voitures,https://www.ouedkniss.com/voitures-mini-r56-2009-rouiba-alger-algerie-d57837027
57570273,Hyundai Grand I10 Sedan 2017 KR,Hyundai,Grand i10,2017,305,305,1.2 ess 87ch,Essence,113000,Manuelle,Beni zid,21,,,2026-09-28 11:30,2026-10-05 11:30,2026-10-05 11:30,voitures,https://www.ouedkniss.com/voitures-hyundai-grand-i10-sedan-2017-kr-beni-zid-skikda-algerie-d57570273
57965952,Citroen C3 2023,Citroen,C3,2023,340,340,1.2,Essence,42000,Manuelle,Ghardaia,47,,,2026-09-28 11:30,2026-10-05 11:30,2026-10-05 11:30,voitures,https://www.ouedkniss.com/voitures-citroen-c3-2023-ghardaia-algerie-d57965952
54096782,Fiat 500 2025 Dolcevita MIB,Fiat,500,2025,310,310,"1,0 Hybrid 70ch",Essence,19000,Manuelle,Tlemcen,13,,,2026-09-28 11:30,2026-10-05 11:30,2026-10-05 11:30,voitures,https://www.ouedkniss.com/voitures-fiat-500-2025-dolcevita-mib-tlemcen-algerie-d54096782
57920661,Dacia Stepway 2020 Toute,Dacia,Stepway,2020,375,375,,Diesel,105000,Manuelle,Mascara,29,,,2026-09-28 11:30,2026-10-05 11:30,2026-10-05 11:30,voitures,https://www.ouedkniss.com/voitures-dacia-stepway-2020-toute-mascara-algerie-d57920661
57626307,Renault Clio 4 2018 Limited 2,Renault,Clio 4,2018,330,330,0.9 tce 90 ch,Essence,88000,Manuelle,Ain benian,16,,,2026-09-28 11:30,2026-10-05 11:30,2026-10-05 11:30,voitures,https://www.ouedkniss.com/voitures-renault-clio-4-2018-limited-2-ain-benian-alger-algerie-d57626307
57963510,Fiat Tipo City 2023,Fiat,Tipo,2023,365,365,,GPL,62000,Automatique,Bordj el kiffan,16,,,2026-09-28 11:30,2026-10-05 11:30,2026-10-05 11:30,voitures,https://www.ouedkniss.com/voitures-fiat-tipo-city-2023-bordj-el-kiffan-alger-algerie-d57963510
57962247,Chery Tiggo 2 Pro 2024 Luxury,Chery,Tiggo 2 Pro,2024,300,300,1.0 ess turbo 102ch,Essence,55000,Automatique,Bordj bou arreridj,34,,,2026-09-28 11:30,2026-10-05 11:30,2026-10-05 11:30,voitures,https://www.ouedkniss.com/voitures-chery-tiggo-2-pro-2024-luxury-bordj-bou-arreridj-algerie-d57962247
57962196,Mitsubishi Mirage 2022 Space Star,Mitsubishi,Space Star,2022,305,305,1.2,Essence,65000,Automatique,Remchi,13,,,2026-09-28 11:30,2026-10-05 11:30,2026-10-05 11:30,voitures,https://www.ouedkniss.com/voitures-mitsubishi-mirage-2022-space-star-remchi-tlemcen-algerie-d57962196
57962139,Livan X3 Pro 2025 Automatique (Avec Toi Ouvrant ),Livan,X3 Pro,2025,320,320,1.5 ess 113ch,Essence,28000,Automatique,Ain defla,44,,,2026-09-28 11:30,2026-10-05 11:30,2026-10-05 11:30,voitures,https://www.ouedkniss.com/voitures-livan-x3-pro-2025-automatique-avec-toi-ouvrant-ain-defla-algerie-d57962139
57937734,Renault Kadjar 2017 Intens,Renault,Kadjar,2017,350,350,1.6 DCi 130ch,Diesel,127000,Manuelle,Ain sefra,45,,,2026-09-28 11:30,2026-10-05 11:30,2026-10-05 11:30,voitures,https://www.ouedkniss.com/voitures-renault-kadjar-2017-intens-ain-sefra-naama-algerie-d57937734
55100191,Fiat 500x 2023 Club,Fiat,500X,2023,350,350,1.4l MultiAir ess 140ch DCT,Essence,78000,Automatique,Baraki,16,,,2026-09-28 11:30,2026-10-05 11:30,2026-10-05 11:30,voitures,https://www.ouedkniss.com/voitures-fiat-500x-2023-club-baraki-alger-algerie-d55100191
57664662,Kia Picanto 2022 Active Business,Kia,Picanto,2022,350,350,1.2 ess 84ch,Essence,52000,Automatique,Sidi chami,31,,,2026-09-28 11:30,2026-10-05 11:30,2026-10-05 11:30,voitures,https://www.ouedkniss.com/voitures-kia-picanto-2022-active-business-sidi-chami-oran-algerie-d57664662
57420273,Peugeot 208 2014 Active,Peugeot,208,2014,232,232,1.2 VTI 82ch,Essence,22000,Manuelle,Ahmar el ain,42,,,2026-09-28 11:30,2026-10-05 11:30,2026-10-05 11:30,voitures,https://www.ouedkniss.com/voitures-peugeot-208-2014-active-ahmar-el-ain-tipaza-algerie-d57420273
57211200,Chery Tiggo 2 Pro 2024 Comfort,Chery,Tiggo 2 Pro,2024,290,290,1.5 ess 108ch,GPL,85000,Manuelle,Bordj el kiffan,16,,3,2026-09-28 11:30,2026-10-05 11:30,2026-10-05 11:30,voitures,https://www.ouedkniss.com/voitures-chery-tiggo-2-pro-2024-comfort-bordj-el-kiffan-alger-algerie-d57211200
57958308,Geely Emgrand Ec8 2015,Geely,Emgrand,2015,240,240,2.0 ess 104ch BVA,Essence,140000,Automatique,Ain naadja,16,,,2026-09-28 11:30,2026-10-05 11:30,2026-10-05 11:30,voitures,https://www.ouedkniss.com/voitures-geely-emgrand-ec8-2015-ain-naadja-alger-algerie-d57958308
54042866,Fiat Doblo 2024,Fiat,Doblo,2024,355,355,1.6 HDi,Diesel,46000,Manuelle,Laghouat,3,,1,2026-09-28 11:30,2026-10-05 11:30,2026-10-05 11:30,utilitaire,https://www.ouedkniss.com/utilitaire-fiat-doblo-2024-laghouat-algerie-d54042866
57713754,Isuzu Celrio 2022,Isuzu,Celrio,2022,280,280,1.0,Essence,90000,Automatique,Baba hassen,16,,2,2026-09-28 11:30,2026-10-05 11:30,2026-10-05 11:30,voitures,https://www.ouedkniss.com/voitures-isuzu-celrio-2022-baba-hassen-alger-algerie-d57713754
57959817,Livan X3 Pro 2025 Automatique (Avec Toi Ouvrant ),Livan,X3 Pro,2025,320,320,1.5 ess 113ch,Essence,20000,Automatique,Collo,21,,,2026-09-28 11:30,2026-10-05 11:30,2026-10-05 11:30,voitures,https://www.ouedkniss.com/voitures-livan-x3-pro-2025-automatique-avec-toi-ouvrant-collo-skikda-algerie-d57959817
57957690,Peugeot 208 2022 208,Peugeot,208,2022,315,315,1.2 VTI 82ch,Essence,97000,Manuelle,Kouba,16,,,2026-09-27 11:30,2026-10-05 11:30,2026-10-05 11:30,voitures,https://www.ouedkniss.com/voitures-peugeot-208-2022-kouba-alger-algerie-d57957690
57957231,Chery Tiggo 2 Pro 2024 Luxury,Chery,Tiggo 2 Pro,2024,285,285,1.0 ess turbo 102ch,Essence,105000,Automatique,Boumerdes,35,,,2026-09-27 11:30,2026-10-05 11:30,2026-10-05 11:30,voitures,https://www.ouedkniss.com/voitures-chery-tiggo-2-pro-2024-luxury-boumerdes-algerie-d57957231
57957150,Dacia Stepway TECHROAD 2021,Dacia,Stepway TECHROAD,2021,380,380,1.6 90 cheveux,Essence,53700,Manuelle,Tizi ouzou,15,,,2026-09-27 11:30,2026-10-05 11:30,2026-10-05 11:30,voitures,https://www.ouedkniss.com/voitures-dacia-stepway-techroad-2021-tizi-ouzou-algerie-d57957150
57896364,Seat Ibiza 2016 High Facelift,Seat,Ibiza,2016,368,368,1.6 MPi 90ch,Essence,71000,Manuelle,Blida,9,,,2026-09-27 11:30,2026-10-05 11:30,2026-10-05 11:30,voitures,https://www.ouedkniss.com/voitures-seat-ibiza-2016-high-facelift-blida-algerie-d57896364
57884514,Fiat 500 2023,Fiat,500,2023,260,260,"1,0 Hybrid 70ch",Essence,82000,Manuelle,Hydra,16,,1,2026-09-27 11:30,2026-10-05 11:30,2026-10-05 11:30,voitures,https://www.ouedkniss.com/voitures-fiat-500-2023-hydra-alger-algerie-d57884514
57394731,Peugeot 208 2014 208,Peugeot,208,2014,225,225,,Essence,98000,Manuelle,Annaba,23,,,2026-09-27 11:30,2026-10-05 11:30,2026-10-05 11:30,voitures,https://www.ouedkniss.com/voitures-peugeot-208-2014-annaba-algerie-d57394731
57955959,Suzuki Swift 2022 Swift,Suzuki,Swift,2022,297,297,1.2 VVT 85ch,Essence,72000,Automatique,Bab ezzouar,16,,,2026-09-27 11:30,2026-10-05 11:30,2026-10-05 11:30,voitures,https://www.ouedkniss.com/voitures-suzuki-swift-2022-bab-ezzouar-alger-algerie-d57955959
57954825,Opel Crossland 2024,Opel,Crossland,2024,350,350,1.2 110ch,Essence,50000,Manuelle,Kouba,16,,1,2026-09-27 11:30,2026-10-05 11:30,2026-10-05 11:30,voitures,https://www.ouedkniss.com/voitures-opel-crossland-2024-kouba-alger-algerie-d57954825
57954792,Renault Captur 2021 Luxe,Renault,Captur,2021,340,340,0.9 tce 90 ch,Essence,100000,Manuelle,Birkhadem,16,,,2026-09-27 11:30,2026-10-05 11:30,2026-10-05 11:30,voitures,https://www.ouedkniss.com/voitures-renault-captur-2021-luxe-birkhadem-alger-algerie-d57954792
57954735,Fiat Tipo Sedan 2023 City,Fiat,Tipo Sedan,2023,345,345,1.6 eTorq 110ch BVA,Essence,85000,Automatique,El guerrara,47,,1,2026-09-27 11:30,2026-10-05 11:30,2026-10-05 11:30,voitures,https://www.ouedkniss.com/voitures-fiat-tipo-sedan-2023-city-el-guerrara-ghardaia-algerie-d57954735
57954171,Chevrolet Trax 2015 LT,Chevrolet,Trax,2015,240,240,1.8 ess DOHC 140 ch,Essence,148000,Manuelle,Meftah,9,,,2026-09-27 11:30,2026-10-05 11:30,2026-10-05 11:30,voitures,https://www.ouedkniss.com/voitures-chevrolet-trax-2015-lt-meftah-blida-algerie-d57954171
57953925,Fiat Tipo Sedan 2023 Life,Fiat,Tipo Sedan,2023,315,315,1.6 eTorq 110ch BVA,Essence,150000,Automatique,Bir mourad rais,16,,1,2026-09-27 11:30,2026-10-05 11:30,2026-10-05 11:30,voitures,https://www.ouedkniss.com/voitures-fiat-tipo-sedan-2023-life-bir-mourad-rais-alger-algerie-d57953925
57953808,Dacia Sandero 2018,Dacia,Sandero,2018,360,360,,,77000,,Guelma,24,,,2026-09-27 11:30,2026-10-05 11:30,2026-10-05 11:30,voitures,https://www.ouedkniss.com/voitures-dacia-sandero-2018-guelma-algerie-d57953808
54324362,Peugeot 208 2021 Allure Pack,Peugeot,208,2021,370,370,1.2 purtech boite 6 130 ch,Essence,77000,Manuelle,Oran,31,,2,2026-09-27 11:30,2026-10-05 11:30,2026-10-05 11:30,voitures,https://www.ouedkniss.com/voitures-peugeot-208-2021-allure-pack-oran-algerie-d54324362
57357681,Citroen C Elysée 2014 C Elysée,Citroen,C-Elysee,2014,225,225,1.2 VTI 72ch,Essence,87000,Manuelle,Bouzareah,16,,2,2026-09-27 11:30,2026-10-05 11:30,2026-10-05 11:30,voitures,https://www.ouedkniss.com/voitures-citroen-c-elysee-2014-bouzareah-alger-algerie-d57357681
57953676,MG MG5 2024 MG5 Flagship Edition,MG,MG5,2024,320,320,1.5 Ess 128CH - 180DVVT,Essence,43000,Automatique,Bayadha,39,,,2026-09-27 11:30,2026-10-05 11:30,2026-10-05 11:30,voitures,https://www.ouedkniss.com/voitures-mg-mg5-2024-flagship-edition-bayadha-el-oued-algerie-d57953676
57225816,Peugeot 208 2023 Active Pack,Peugeot,208,2023,335,335,1.2 PureTech 75ch,Essence,62000,Manuelle,Bir el djir,31,,,2026-09-27 11:30,2026-10-05 11:30,2026-10-05 11:30,voitures,https://www.ouedkniss.com/voitures-peugeot-208-2023-active-pack-bir-el-djir-oran-algerie-d57225816
57950187,Fiat 500x 2023 Club,Fiat,500X,2023,360,360,1.4l MultiAir ess 140ch DCT,Essence,87000,Automatique,Annaba,23,,,2026-09-27 11:30,2026-10-05 11:30,2026-10-05 11:30,voitures,https://www.ouedkniss.com/voitures-fiat-500x-2023-club-annaba-algerie-d57950187
57951669,Fiat 500 2023 Dolcevita Plus,Fiat,500,2023,285,285,"1,0 Hybrid 70ch",Essence,51000,Manuelle,Kouba,16,,1,2026-09-27 11:30,2026-10-05 11:30,2026-10-05 11:30,voitures,https://www.ouedkniss.com/voitures-fiat-500-2023-dolcevita-plus-kouba-alger-algerie-d57951669
55729105,Chery Arrizo 5 2025 Comfort,Chery,Arrizo 5,2025,350,350,1.5 ess 108ch,Essence,30000,Manuelle,Sidi ali,27,,,2026-09-27 11:30,2026-10-05 11:30,2026-10-05 11:30,voitures,https://www.ouedkniss.com/voitures-chery-arrizo-5-2025-comfort-sidi-ali-mostaganem-algerie-d55729105
57811368,Chery Tiggo 2 Pro 2024 Luxury,Chery,Tiggo 2 Pro,2024,285,285,1.0 ess turbo 102ch,Essence,105000,Automatique,Issers,35,,1,2026-09-27 11:30,2026-10-05 11:30,2026-10-05 11:30,voitures,https://www.ouedkniss.com/voitures-chery-tiggo-2-pro-2024-luxury-issers-boumerdes-algerie-d57811368
57951543,Fiat 500 2024,Fiat,500,2024,295,295,,Essence,29000,Manuelle,Es senia,31,,,2026-09-27 11:30,2026-10-05 11:30,2026-10-05 11:30,voitures,https://www.ouedkniss.com/voitures-fiat-500-2024-es-senia-oran-algerie-d57951543
57930330,Chery Yoki 2019 Double Cabine,Chery,Yoki,2019,210,210,1.3 16v,Essence,129000,Manuelle,Douaouda,42,,1,2026-09-27 11:30,2026-10-05 11:30,2026-10-05 11:30,utilitaire,https://www.ouedkniss.com/utilitaire-chery-yoki-2019-double-cabine-douaouda-tipaza-algerie-d57930330
57899103,Peugeot Partner 2011 Tepee,Peugeot,Partner,2011,260,260,1.6 HDI 112ch,Diesel,33900,Manuelle,Ouled moussa,35,,1,2026-09-27 11:30,2026-10-05 11:30,2026-10-05 11:30,voitures,https://www.ouedkniss.com/voitures-peugeot-partner-2011-tepee-ouled-moussa-boumerdes-algerie-d57899103
57948258,Livan X3 Pro 2025 Automatique (Avec Toi Ouvrant ),Livan,X3 Pro,2025,300,300,1.5 ess 113ch,Essence,37000,Automatique,Staoueli,16,,2,2026-09-27 11:30,2026-10-05 11:30,2026-10-05 11:30,voitures,https://www.ouedkniss.com/voitures-livan-x3-pro-2025-automatique-avec-toi-ouvrant-staoueli-alger-algerie-d57948258
57824886,Geely GX3 PRO 2025 Europe,Geely,GX3 Pro,2025,315,315,1.5,Essence,28000,Manuelle,Les eucalyptus,16,,,2026-09-27 11:30,2026-10-05 11:30,2026-10-05 11:30,voitures,https://www.ouedkniss.com/voitures-geely-gx3-pro-2025-europe-les-eucalyptus-alger-algerie-d57824886
57422433,Fiat 500 2023 CLUB,Fiat,500,2023,290,290,"1,0 Hybrid 70ch",Essence,39000,Manuelle,Dar el beida,16,,,2026-09-27 11:30,2026-10-05 11:30,2026-10-05 11:30,voitures,https://www.ouedkniss.com/voitures-fiat-500-2023-club-dar-el-beida-alger-algerie-d57422433
57949353,Fiat 500x 2024 Club,Fiat,500X,2024,370,370,1.4l MultiAir ess 140ch DCT,Essence,88000,Automatique,Ain berda,23,,,2026-09-27 11:30,2026-10-05 11:30,2026-10-05 11:30,voitures,https://www.ouedkniss.com/voitures-fiat-500x-2024-club-ain-berda-annaba-algerie-d57949353
57890685,Renault Clio 4 2019 Limited,Renault,Clio 4,2019,290,290,0.9 tce 90 ch,Essence,84000,Manuelle,Constantine,25,,3,2026-09-27 11:30,2026-10-05 11:30,2026-10-05 11:30,voitures,https://www.ouedkniss.com/voitures-renault-clio-4-2019-limited-constantine-algerie-d57890685
57940824,Suzuki Celerio 2015 Nouveau Selirio,Suzuki,Celerio,2015,260,260,1.0 ess 68ch,Essence,67000,Manuelle,Khemisti,42,,,2026-09-27 11:30,2026-10-05 11:30,2026-10-05 11:30,voitures,https://www.ouedkniss.com/voitures-suzuki-celerio-2015-nouveau-selirio-khemisti-tipaza-algerie-d57940824
56873786,Mini Cooper D 2018 Cooper D,Mini,Cooper D,2018,373,373,1.5 D 116ch,Diesel,107000,Automatique,Makouda,15,,3,2026-09-27 11:30,2026-10-05 11:30,2026-10-05 11:30,voitures,https://www.ouedkniss.com/voitures-mini-cooper-d-2018-makouda-tizi-ouzou-algerie-d56873786
57942585,Fiat 500 2024 Dolcevita Plus,Fiat,500,2024,300,300,"1,0 Hybrid 70ch",Electrique,25000,Manuelle,Bougaa,19,,,2026-09-27 11:30,2026-10-05 11:30,2026-10-05 11:30,voitures,https://www.ouedkniss.com/voitures-fiat-500-2024-dolcevita-plus-bougaa-setif-algerie-d57942585
57944280,Fiat 500 2025 Dolcevita MIB,Fiat,500,2025,285,285,"1,0 Hybrid 70ch",Essence,34000,Manuelle,Saida,20,,2,2026-09-27 11:30,2026-10-05 11:30,2026-10-05 11:30,voitures,https://www.ouedkniss.com/voitures-fiat-500-2025-dolcevita-mib-saida-algerie-d57944280
57942087,Chery Tiggo 2 Pro 2024 Comfort,Chery,Tiggo 2 Pro,2024,287,287,1.5 ess 108ch,Essence,90125,Manuelle,Ain beida,4,,,2026-09-27 11:30,2026-10-05 11:30,2026-10-05 11:30,voitures,https://www.ouedkniss.com/voitures-chery-tiggo-2-pro-2024-comfort-ain-beida-oum-el-bouaghi-algerie-d57942087
57897591,Volkswagen Golf 7 2013 Bleumontion,Volkswagen,Golf 7,2013,310,310,143 ch,Diesel,90000,Automatique,Bordj bou arreridj,34,,,2026-09-27 11:30,2026-10-05 11:30,2026-10-05 11:30,voitures,https://www.ouedkniss.com/voitures-volkswagen-golf-7-2013-bleumontion-bordj-bou-arreridj-algerie-d57897591
57879624,Livan X3 Pro 2025 Automatique (Avec Toi Ouvrant ),Livan,X3 Pro,2025,309,309,1.5 ess 113ch,Essence,28000,Automatique,El khroub,25,,1,2026-09-27 11:30,2026-10-05 11:30,2026-10-05 11:30,voitures,https://www.ouedkniss.com/voitures-livan-x3-pro-2025-automatique-avec-toi-ouvrant-el-khroub-constantine-algerie-d57879624
57942633,Yamaha Mt07 2021,Yamaha,Mt07,2021,200,200,,,27000,Manuelle,Setif,19,,,2026-09-27 11:30,2026-10-05 11:30,2026-10-05 11:30,motos,https://www.ouedkniss.com/motos-scooters-yamaha-mt07-2021-setif-algerie-d57942633
57158463,Citroen C3 2023 C3,Citroen,C3,2023,340,340,1.2,Essence,77000,Automatique,Alger centre,16,,,2026-09-27 11:30,2026-10-05 11:30,2026-10-05 11:30,voitures,https://www.ouedkniss.com/voitures-citroen-c3-2023-alger-centre-algerie-d57158463
57938748,Renault Clio 5 2021 Intese,Renault,Clio 5,2021,380,380,1.0,Essence,61000,Manuelle,Hadjadj,27,,,2026-09-27 11:30,2026-10-05 11:30,2026-10-05 11:30,voitures,https://www.ouedkniss.com/voitures-renault-clio-5-2021-intese-hadjadj-mostaganem-algerie-d57938748
57323337,Hyundai Accent RB 5 Portes 2019,Hyundai,Accent RB,2019,345,345,1.4 ess 107ch,Essence,91500,Manuelle,Annaba,23,,2,2026-09-27 11:30,2026-10-05 11:30,2026-10-05 11:30,voitures,https://www.ouedkniss.com/voitures-hyundai-accent-rb-5-portes-2019-annaba-algerie-d57323337
57937962,Peugeot 301 2014 Allure,Peugeot,301,2014,205,205,1.4 simple,Essence,55000,Manuelle,Annaba,23,,,2026-09-27 11:30,2026-10-05 11:30,2026-10-05 11:30,voitures,https://www.ouedkniss.com/voitures-peugeot-301-2014-allure-annaba-algerie-d57937962
57937557,Fiat Tipo Sedan 2025,Fiat,Tipo Sedan,2025,380,380,,Essence,80000,Automatique,Ain el turck,31,,,2026-09-27 11:30,2026-10-05 11:30,2026-10-05 11:30,voitures,https://www.ouedkniss.com/voitures-fiat-tipo-sedan-2025-ain-el-turck-oran-algerie-d57937557
57930390,Renault Symbol 2015 Essentielle,Renault,Symbol,2015,275,275,1.2 ess 16V 75ch,GPL,137000,Manuelle,El oued,39,,,2026-09-27 11:30,2026-10-05 11:30,2026-10-05 11:30,voitures,https://www.ouedkniss.com/voitures-renault-symbol-2015-essentielle-el-oued-algerie-d57930390
57487269,Renault Clio 4 2018 Clio 4,Renault,Clio 4,2018,330,330,0.9 tce 90 ch,Essence,88000,Manuelle,Ain benian,16,,,2026-09-27 11:30,2026-10-05 11:30,2026-10-05 11:30,voitures,https://www.ouedkniss.com/voitures-renault-clio-4-2018-ain-benian-alger-algerie-d57487269
56797382,Renault Clio5 2022 Business Plus,Renault,Clio5,2022,380,380,1.o turbo,Essence,78000,Manuelle,Tipaza,42,,,2026-09-27 11:30,2026-10-05 11:30,2026-10-05 11:30,voitures,https://www.ouedkniss.com/voitures-renault-clio5-2022-business-plus-tipaza-algerie-d56797382
35957699,Nissan Juke 2014 Tekna,Nissan,Juke,2014,310,310,1.6 ess DIG-T 190ch Gris Champagne,Essence,113000,Manuelle,Ben aknoun,16,,16,2026-09-27 11:30,2026-10-05 11:30,2026-10-05 11:30,voitures,https://www.ouedkniss.com/voitures-nissan-juke-2014-tekna-ben-aknoun-alger-algerie-d35957699
56816747,Skoda Fabia 2015 Style,Skoda,Fabia,2015,350,350,1.6 mpi 110 ch,Essence,140000,Manuelle,Kouba,16,,,2026-09-27 11:30,2026-10-05 11:30,2026-10-05 11:30,voitures,https://www.ouedkniss.com/voitures-skoda-fabia-2015-style-kouba-alger-algerie-d56816747
57790008,Peugeot Partner 2014 Partner,Peugeot,Partner,2014,333,333,1.6 HDI 90ch,Diesel,30600,Manuelle,Setif,19,,,2026-09-27 11:30,2026-10-05 11:30,2026-10-05 11:30,voitures,https://www.ouedkniss.com/voitures-peugeot-partner-2014-setif-algerie-d57790008
56122195,Hyundai I20 2019 Prestige,Hyundai,i20,2019,300,300,1.4 CRDI 75ch,Diesel,119000,Manuelle,Rouiba,16,,2,2026-09-27 11:30,2026-10-05 11:30,2026-10-05 11:30,voitures,https://www.ouedkniss.com/voitures-hyundai-i20-2019-prestige-rouiba-alger-algerie-d56122195
57327795,Kia Picanto 2013,Kia,Picanto,2013,245,245,1.2 ess CVVT 87ch,Essence,136000,Manuelle,Mila,43,,,2026-09-26 11:30,2026-10-05 11:30,2026-10-05 11:30,voitures,https://www.ouedkniss.com/voitures-kia-picanto-2013-mila-algerie-d57327795
57937413,Geely GX3 PRO 2024 FUN,Geely,GX3 Pro,2024,345,345,"1,5 ess 102ch CVT",GPL,69000,Automatique,Ain naadja,16,,,2026-09-26 11:30,2026-10-05 11:30,2026-10-05 11:30,voitures,https://www.ouedkniss.com/voitures-geely-gx3-pro-2024-fun-ain-naadja-alger-algerie-d57937413
57919587,Chevrolet Sonic Hatchback 2017 LT,Chevrolet,Sonic Hatchback,2017,295,295,1.6 ess 113ch,Essence,85000,Manuelle,Djelfa,17,,,2026-09-26 11:30,2026-10-05 11:30,2026-10-05 11:30,voitures,https://www.ouedkniss.com/voitures-chevrolet-sonic-hatchback-2017-lt-djelfa-algerie-d57919587
53043455,Peugeot 207 2009 Platinum,Peugeot,207,2009,247,247,1.6 HDI 90ch,Diesel,103000,Manuelle,Blida,9,,5,2026-09-26 11:30,2026-10-05 11:30,2026-10-05 11:30,voitures,https://www.ouedkniss.com/voitures-peugeot-207-2009-platinum-blida-algerie-d53043455
55339570,MG MG5 2026 MG5 Luxury Edition,MG,MG5,2026,325,325,1.5 Ess 128CH - 180DVVT,Essence,15400,Automatique,Souk ahras,41,,,2026-09-26 11:30,2026-10-05 11:30,2026-10-05 11:30,voitures,https://www.ouedkniss.com/voitures-mg-mg5-2026-luxury-edition-souk-ahras-algerie-d55339570
57753966,Livan X3 Pro 2025 Automatique (Avec Toi Ouvrant ),Livan,X3 Pro,2025,320,320,1.5 ess 113ch,GPL,48500,Automatique,Tlemcen,13,,,2026-09-26 11:30,2026-10-05 11:30,2026-10-05 11:30,voitures,https://www.ouedkniss.com/voitures-livan-x3-pro-2025-automatique-avec-toi-ouvrant-tlemcen-algerie-d57753966
57647235,Bestune T55 2024,Bestune,T55,2024,365,365,1.5 TSI 169ch,Essence,16000,Automatique,Ain mlila,4,,,2026-09-26 11:30,2026-10-05 11:30,2026-10-05 11:30,voitures,https://www.ouedkniss.com/voitures-bestune-t55-2024-ain-mlila-oum-el-bouaghi-algerie-d57647235
57931350,Fiat 500 2024 CLUB,Fiat,500,2024,275,275,"1,0 Hybrid 70ch",Essence,50000,Manuelle,Bordj el kiffan,16,,,2026-09-26 11:30,2026-10-05 11:30,2026-10-05 11:30,voitures,https://www.ouedkniss.com/voitures-fiat-500-2024-club-bordj-el-kiffan-alger-algerie-d57931350
57925764,Hyundai I20 2018 I20,Hyundai,i20,2018,300,300,1.4 ess 100ch BVA,Essence,130850,Automatique,Zeralda,16,,1,2026-09-26 11:30,2026-10-05 11:30,2026-10-05 11:30,voitures,https://www.ouedkniss.com/voitures-hyundai-i20-2018-zeralda-alger-algerie-d57925764
57925707,Peugeot 208 2023 E-Style,Peugeot,208,2023,350,350,1.2 PureTech 100ch,Essence,56000,Manuelle,Ain benian,16,,,2026-09-26 11:30,2026-10-05 11:30,2026-10-05 11:30,voitures,https://www.ouedkniss.com/voitures-peugeot-208-2023-e-style-ain-benian-alger-algerie-d57925707
57925677,Dacia Sandero 2017 Stepway,Dacia,Sandero,2017,318,318,1.5 DCI 90ch,Diesel,140000,Manuelle,Annaba,23,,,2026-09-26 11:30,2026-10-05 11:30,2026-10-05 11:30,voitures,https://www.ouedkniss.com/voitures-dacia-sandero-2017-stepway-annaba-algerie-d57925677
57858117,Fiat Tipo Sedan 2023 Life,Fiat,Tipo Sedan,2023,380,380,1.6 eTorq 110ch BVA,Essence,80012,Automatique,Ferdjioua,43,,,2026-09-26 11:30,2026-10-05 11:30,2026-10-05 11:30,utilitaire,https://www.ouedkniss.com/utilitaire-fiat-tipo-sedan-2023-life-ferdjioua-mila-algerie-d57858117
57925593,Fiat Tipo Sedan 2023 Life,Fiat,Tipo Sedan,2023,380,380,1.6 eTorq 110ch BVA,Essence,59000,Automatique,Adrar,1,,,2026-09-26 11:30,2026-10-05 11:30,2026-10-05 11:30,utilitaire,https://www.ouedkniss.com/utilitaire-fiat-tipo-sedan-2023-life-adrar-algerie-d57925593
57925560,Peugeot 2008 2015 Allure,Peugeot,2008,2008,290,290,1.6 E-HDI 120ch,Diesel,116000,Manuelle,Annaba,23,,1,2026-09-26 11:30,2026-10-05 11:30,2026-10-05 11:30,voitures,https://www.ouedkniss.com/voitures-peugeot-2008-2015-allure-annaba-algerie-d57925560
57845820,Hyundai Grand I10 2019 Restylée DZ,Hyundai,Grand i10,2019,320,320,1.2 ess 87ch,Essence,94000,Manuelle,El eulma,19,,,2026-09-26 11:30,2026-10-05 11:30,2026-10-05 11:30,voitures,https://www.ouedkniss.com/voitures-hyundai-grand-i10-2019-restylee-dz-el-eulma-setif-algerie-d57845820
57927297,Nissan Navara 2016 Elegance 4x4,Nissan,Navara,2016,365,365,2.5 DCI 190ch,Diesel,138000,Manuelle,Ghardaia,47,,,2026-09-26 11:30,2026-10-05 11:30,2026-10-05 11:30,voitures,https://www.ouedkniss.com/voitures-nissan-navara-2016-elegance-4x4-ghardaia-algerie-d57927297
57646758,Volkswagen Taigo 2024 Life Plus,Volkswagen,Taigo,2024,330,330,1.0 TSI 110ch,Essence,77000,Automatique,Ain naadja,16,,3,2026-09-26 11:30,2026-10-05 11:30,2026-10-05 11:30,voitures,https://www.ouedkniss.com/voitures-volkswagen-taigo-2024-life-plus-ain-naadja-alger-algerie-d57646758
57408198,Kia Cerato 2012,Kia,Cerato,2012,310,310,1.6 ess 124ch,Essence,108502,Manuelle,Bou saada,28,,2,2026-09-26 11:30,2026-10-05 11:30,2026-10-05 11:30,voitures,https://www.ouedkniss.com/voitures-kia-cerato-2012-bou-saada-msila-algerie-d57408198
57738858,Volkswagen Up 2022 Up,Volkswagen,Up,2022,270,270,1.0 ess 75ch,Essence,70000,Manuelle,Draria,16,,,2026-09-26 11:30,2026-10-05 11:30,2026-10-05 11:30,voitures,https://www.ouedkniss.com/voitures-volkswagen-up-2022-draria-alger-algerie-d57738858
57929724,Fiat 500 2024,Fiat,500,2024,292,292,"1,0 Hybrid 70ch",Essence,27000,Manuelle,Mansourah,13,,,2026-09-26 11:30,2026-10-05 11:30,2026-10-05 11:30,voitures,https://www.ouedkniss.com/voitures-fiat-500-2024-mansourah-tlemcen-algerie-d57929724
57929721,Chery Youki 2019,Chery,Youki,2019,210,210,,Essence,107000,Manuelle,Beni hocine,19,,,2026-09-26 11:30,2026-10-05 11:30,2026-10-05 11:30,camion,https://www.ouedkniss.com/camion-chery-youki-2019-beni-hocine-setif-algerie-d57929721
56866949,Citroen C3 2023 Shaine,Citroen,C3,2023,320,320,1.2 83 ch,Essence,20000,Manuelle,Batna,5,,,2026-09-26 11:30,2026-10-05 11:30,2026-10-05 11:30,voitures,https://www.ouedkniss.com/voitures-citroen-c3-2023-shaine-batna-algerie-d56866949
57897957,Fiat 500 2025 Dolcevita MIB,Fiat,500,2025,300,300,"1,0 Hybrid 70ch",Essence,44000,Manuelle,Bordj el kiffan,16,,,2026-09-26 11:30,2026-10-05 11:30,2026-10-05 11:30,voitures,https://www.ouedkniss.com/voitures-fiat-500-2025-dolcevita-mib-bordj-el-kiffan-alger-algerie-d57897957
57928239,Yamaha Tmax 2023,Yamaha,Tmax,2023,350,350,,,16500,Automatique,El eulma,19,,,2026-09-26 11:30,2026-10-05 11:30,2026-10-05 11:30,motos,https://www.ouedkniss.com/motos-scooters-yamaha-tmax-2023-el-eulma-setif-algerie-d57928239
57379542,Citroen C3 2022 PLUS,Citroen,C3,2022,360,360,1.2 PureTech 110ch,Essence,27000,Automatique,Ouled fayet,16,,,2026-09-26 11:30,2026-10-05 11:30,2026-10-05 11:30,voitures,https://www.ouedkniss.com/voitures-citroen-c3-2022-plus-ouled-fayet-alger-algerie-d57379542
57080724,Renault Megane 3 2013,Renault,Megane 3,2013,362,362,,Diesel,90000,Manuelle,Kouba,16,,2,2026-09-26 11:30,2026-10-05 11:30,2026-10-05 11:30,voitures,https://www.ouedkniss.com/voitures-renault-megane-3-2013-kouba-alger-algerie-d57080724
57919533,Renault Clio 4 2018 Limited,Renault,Clio 4,2018,380,380,1.5 DCI 85ch,Diesel,30000,Manuelle,Cheraga,16,,,2026-09-26 11:30,2026-10-05 11:30,2026-10-05 11:30,voitures,https://www.ouedkniss.com/voitures-renault-clio-4-2018-limited-cheraga-alger-algerie-d57919533
53386019,Dacia Sandero 2017 Stepway,Dacia,Sandero,2017,350,350,1.5 DCI 75ch,Diesel,120000,Manuelle,Setif,19,,1,2026-09-26 11:30,2026-10-05 11:30,2026-10-05 11:30,voitures,https://www.ouedkniss.com/voitures-dacia-sandero-2017-stepway-setif-algerie-d53386019
57924816,Kia Picanto 2021 Morning,Kia,Picanto,2021,320,320,,Essence,117000,Automatique,Mohammadia,16,,,2026-09-26 11:30,2026-10-05 11:30,2026-10-05 11:30,voitures,https://www.ouedkniss.com/voitures-kia-picanto-2021-morning-mohammadia-alger-algerie-d57924816
57927402,Fiat 500 2023 Dolcevita Plus,Fiat,500,2023,305,305,"1,0 Hybrid 70ch",Essence,39000,Manuelle,Ain el turck,31,,,2026-09-26 11:30,2026-10-05 11:30,2026-10-05 11:30,voitures,https://www.ouedkniss.com/voitures-fiat-500-2023-dolcevita-plus-ain-el-turck-oran-algerie-d57927402
57299694,Dacia Duster 2022 Duster,Dacia,Duster,2022,350,350,1.0 tce,Essence,126000,Manuelle,El magharia,16,,2,2026-09-26 11:30,2026-10-05 11:30,2026-10-05 11:30,voitures,https://www.ouedkniss.com/voitures-dacia-duster-2022-el-magharia-alger-algerie-d57299694
57884949,Peugeot 208 2022 Style,Peugeot,208,2022,335,335,1.2 100 ch,Essence,103590,Manuelle,Bir mourad rais,16,,,2026-09-26 11:30,2026-10-05 11:30,2026-10-05 11:30,voitures,https://www.ouedkniss.com/voitures-peugeot-208-2022-style-bir-mourad-rais-alger-algerie-d57884949
53004320,Kia Picanto 2019 LX Confort,Kia,Picanto,2019,368,368,1.2 ess CVVT 87ch BVA,Essence,31000,Automatique,Setif,19,,2,2026-09-26 11:30,2026-10-05 11:30,2026-10-05 11:30,voitures,https://www.ouedkniss.com/voitures-kia-picanto-2019-lx-confort-setif-algerie-d53004320
57484074,Chevrolet Spark 2014 Lite Base,Chevrolet,Spark,2014,222,222,0.8 ess 48ch,,68000,Manuelle,Djelfa,17,,2,2026-09-26 11:30,2026-10-05 11:30,2026-10-05 11:30,voitures,https://www.ouedkniss.com/voitures-chevrolet-spark-2014-lite-base-djelfa-algerie-d57484074
57691215,Hyundai Accent RB 4 Portes 2012 Accent RB 4 Portes,Hyundai,Accent RB,2012,265,265,1.4 ess 107ch,Essence,54000,Manuelle,Oran,31,,,2026-09-26 11:30,2026-10-05 11:30,2026-10-05 11:30,voitures,https://www.ouedkniss.com/voitures-hyundai-accent-rb-4-portes-2012-oran-algerie-d57691215
57921579,Skoda Yeti 2013 Adventure,Skoda,Yeti,2013,310,310,2L 143,Diesel,26800,Manuelle,Maatka,15,,,2026-09-26 11:30,2026-10-05 11:30,2026-10-05 11:30,voitures,https://www.ouedkniss.com/voitures-skoda-yeti-2013-adventure-maatka-tizi-ouzou-algerie-d57921579
57879726,Fiat Tipo Sedan 2024 Urban Plus,Fiat,Tipo Sedan,2024,376,376,1.6 eTorq 110ch BVA,Essence,95000,Automatique,El bouni,23,,,2026-09-26 11:30,2026-10-05 11:30,2026-10-05 11:30,voitures,https://www.ouedkniss.com/voitures-fiat-tipo-sedan-2024-urban-plus-el-bouni-annaba-algerie-d57879726
57698970,Kia KX1 2025 Kia KX1 Luxury,Kia,KX1,2025,371,371,1.5,Essence,36500,Automatique,Ben aknoun,16,,,2026-09-26 11:30,2026-10-05 11:30,2026-10-05 11:30,voitures,https://www.ouedkniss.com/voitures-kia-kx1-2025-luxury-ben-aknoun-alger-algerie-d57698970
57919755,Opel Mokka 2023 Elegance,Opel,Mokka,2023,370,370,1.2 ess PureTech Turbo 130ch,Essence,80000,Automatique,Constantine,25,,,2026-09-26 11:30,2026-10-05 11:30,2026-10-05 11:30,voitures,https://www.ouedkniss.com/voitures-opel-mokka-2023-elegance-constantine-algerie-d57919755
56865545,Citroen C 3 2023 Chine,Citroen,C 3,2023,320,320,1.3,Essence,17000,Manuelle,Batna,5,,,2026-09-26 11:30,2026-10-05 11:30,2026-10-05 11:30,voitures,https://www.ouedkniss.com/voitures-citroen-c-3-2023-chine-batna-algerie-d56865545
57914445,Hyundai Accent 2019,Hyundai,Accent,2019,310,310,1.6 CRDI 128ch,Diesel,132000,Manuelle,Hassi khelifa,39,,,2026-09-26 11:30,2026-10-05 11:30,2026-10-05 11:30,voitures,https://www.ouedkniss.com/voitures-hyundai-accent-2019-hassi-khelifa-el-oued-algerie-d57914445
57113007,Fiat 500 2025 Dolcevita MIB,Fiat,500,2025,276,276,"1,0 Hybrid 70ch",Essence,40000,Manuelle,Blida,9,,1,2026-09-26 11:30,2026-10-05 11:30,2026-10-05 11:30,voitures,https://www.ouedkniss.com/voitures-fiat-500-2025-dolcevita-mib-blida-algerie-d57113007
54502445,Renault Clio 4 2018 GT Line +,Renault,Clio 4,2018,370,370,1.5 110cv,Diesel,129000,Manuelle,Tigzirt,15,,1,2026-09-26 11:30,2026-10-05 11:30,2026-10-05 11:30,utilitaire,https://www.ouedkniss.com/utilitaire-renault-clio-4-2018-gt-line-tigzirt-tizi-ouzou-algerie-d54502445
54969454,DFSK Fengon500 2025 Fengon500,DFSK,Fengon500,2025,360,360,1.5,Essence,16500,Automatique,Mohammadia,16,,,2026-09-26 11:30,2026-10-05 11:30,2026-10-05 11:30,voitures,https://www.ouedkniss.com/voitures-dfsk-fengon500-2025-mohammadia-alger-algerie-d54969454
57920463,Fiat 500 2023 CLUB,Fiat,500,2023,285,285,"1,0 Hybrid 70ch",Essence,54500,Manuelle,El achour,16,,,2026-09-26 11:30,2026-10-05 11:30,2026-10-05 11:30,voitures,https://www.ouedkniss.com/voitures-fiat-500-2023-club-el-achour-alger-algerie-d57920463
57920142,Seat Ibiza 2017 High Facelift,Seat,Ibiza,2017,290,290,1.6 MPi 90ch,Essence,27000,Manuelle,Draa ben khedda,15,,,2026-09-26 11:30,2026-10-05 11:30,2026-10-05 11:30,voitures,https://www.ouedkniss.com/voitures-seat-ibiza-2017-high-facelift-draa-ben-khedda-tizi-ouzou-algerie-d57920142
57920121,Livan X3 Pro 2025 Automatique (Avec Toi Ouvrant ),Livan,X3 Pro,2025,345,345,1.5 ess 113ch,Essence,19000,Automatique,Es senia,31,,,2026-09-26 11:30,2026-10-05 11:30,2026-10-05 11:30,voitures,https://www.ouedkniss.com/voitures-livan-x3-pro-2025-automatique-avec-toi-ouvrant-es-senia-oran-algerie-d57920121
57919884,Hyundai Creta 2019 Gls,Hyundai,Creta,2019,370,370,1.6 CRDI 128ch,Diesel,121000,Automatique,Ferdjioua,43,,,2026-09-26 11:30,2026-10-05 11:30,2026-10-05 11:30,voitures,https://www.ouedkniss.com/voitures-hyundai-creta-2019-gls-ferdjioua-mila-algerie-d57919884
54085058,Fiat 500x 2024 Club,Fiat,500X,2024,370,370,1.4l MultiAir ess 140ch DCT,Essence,72000,Automatique,Oran,31,,,2026-09-26 11:30,2026-10-05 11:30,2026-10-05 11:30,voitures,https://www.ouedkniss.com/voitures-fiat-500x-2024-club-oran-algerie-d54085058
57706002,Renault Clio 4 2019 GT Line +,Renault,Clio 4,2019,280,280,1.5dci 110,Diesel,148000,Manuelle,Issers,35,,1,2026-09-26 11:30,2026-10-05 11:30,2026-10-05 11:30,voitures,https://www.ouedkniss.com/voitures-renault-clio-4-2019-gt-line-issers-boumerdes-algerie-d57706002
56951255,Peugeot 208 2022,Peugeot,208,2022,322,322,1.2 VTI 82ch,Essence,76000,Manuelle,Ain taya,16,,,2026-09-26 11:30,2026-10-05 11:30,2026-10-05 11:30,voitures,https://www.ouedkniss.com/voitures-peugeot-208-2022-ain-taya-alger-algerie-d56951255
57903912,Dacia Sandero 2016 Stepway,Dacia,Sandero,2016,340,340,1.6 ess 90ch,Essence,59000,Manuelle,El biar,16,,3,2026-09-25 11:30,2026-10-05 11:30,2026-10-05 11:30,voitures,https://www.ouedkniss.com/voitures-dacia-sandero-2016-stepway-el-biar-alger-algerie-d57903912
57043344,Dacia ديستر 2017 4*4,Dacia,ديستر,2017,375,375,,Essence,148000,Manuelle,Hassi delaa,3,,,2026-09-25 11:30,2026-10-05 11:30,2026-10-05 11:30,voitures,https://www.ouedkniss.com/voitures-dacia-%D8%AF%D9%8A%D8%B3%D8%AA%D8%B1-2017-44-hassi-delaa-laghouat-algerie-d57043344
57154209,Renault Symbol 2019,Renault,Symbol,2019,375,375,1.6 ess 100ch,Essence,95000,Manuelle,El bayadh,32,,2,2026-09-25 11:30,2026-10-05 11:30,2026-10-05 11:30,voitures,https://www.ouedkniss.com/voitures-renault-symbol-2019-el-bayadh-algerie-d57154209
57755205,Hyundai Accent 2018 GL+,Hyundai,Accent,2018,310,310,1.6 CRDI 128ch,Diesel,121000,Manuelle,Beni douala,15,,,2026-09-25 11:30,2026-10-05 11:30,2026-10-05 11:30,voitures,https://www.ouedkniss.com/voitures-hyundai-accent-2018-gl-beni-douala-tizi-ouzou-algerie-d57755205
57913902,Renault Symbol 2022 Symbol,Renault,Symbol,2022,325,325,,Essence,134000,Automatique,Annaba,23,,,2026-09-25 11:30,2026-10-05 11:30,2026-10-05 11:30,voitures,https://www.ouedkniss.com/voitures-renault-symbol-2022-annaba-algerie-d57913902
57855876,Skoda Kamiq 2021,Skoda,Kamiq,2021,380,380,1.0 tsi,Essence,88000,Manuelle,Saoula,16,,,2026-09-25 11:30,2026-10-05 11:30,2026-10-05 11:30,voitures,https://www.ouedkniss.com/voitures-skoda-kamiq-2021-saoula-alger-algerie-d57855876
57900852,Suzuki Swift 2023,Suzuki,Swift,2023,350,350,1.2 ess 83 ch,Essence,95000,Automatique,Kouba,16,,,2026-09-25 11:30,2026-10-05 11:30,2026-10-05 11:30,voitures,https://www.ouedkniss.com/voitures-suzuki-swift-2023-kouba-alger-algerie-d57900852
57808107,Suzuki Swift 2022 Swift,Suzuki,Swift,2022,320,320,1.2 VVT 85ch BVA,Essence,110000,Automatique,Tlemcen,13,,1,2026-09-25 11:30,2026-10-05 11:30,2026-10-05 11:30,voitures,https://www.ouedkniss.com/voitures-suzuki-swift-2022-tlemcen-algerie-d57808107
57910434,Peugeot 308 2021 Access,Peugeot,308,2021,290,290,1.2 puretech,Essence,140000,Manuelle,Reghaia,16,,,2026-09-25 11:30,2026-10-05 11:30,2026-10-05 11:30,voitures,https://www.ouedkniss.com/voitures-peugeot-308-2021-access-reghaia-alger-algerie-d57910434
57915165,Fiat 500x 2024 Cult,Fiat,500X,2024,365,365,1.4l MultiAir ess 140ch DCT,Essence,37000,Automatique,Birtouta,16,,1,2026-09-25 11:30,2026-10-05 11:30,2026-10-05 11:30,voitures,https://www.ouedkniss.com/voitures-fiat-500x-2024-cult-birtouta-alger-algerie-d57915165
57914460,YAMAHA Tmax 2021,Yamaha,Tmax,2021,265,265,,,16500,Automatique,Setif,19,,2,2026-09-25 11:30,2026-10-05 11:30,2026-10-05 11:30,motos,https://www.ouedkniss.com/motos-scooters-yamaha-tmax-2021-setif-algerie-d57914460
57912459,Skoda Rapid Spaceback 2017 Edition,Skoda,Rapid,2017,250,250,,GPL,40000,Manuelle,El bouni,23,,1,2026-09-25 11:30,2026-10-05 11:30,2026-10-05 11:30,voitures,https://www.ouedkniss.com/voitures-skoda-rapid-spaceback-2017-edition-el-bouni-annaba-algerie-d57912459
57814554,Skoda Fabia 2021 Ambition,Skoda,Fabia,2021,370,370,1.0 mpi 80 ch,Essence,118000,Manuelle,Mostaganem,27,,1,2026-09-25 11:30,2026-10-05 11:30,2026-10-05 11:30,voitures,https://www.ouedkniss.com/voitures-skoda-fabia-2021-ambition-mostaganem-algerie-d57814554
57629217,Renault Scenic 1999 Scenic,Renault,Scenic,1999,215,215,1.6 ess 90ch,GPL,60000,Manuelle,Aflou,3,,,2026-09-25 11:30,2026-10-05 11:30,2026-10-05 11:30,voitures,https://www.ouedkniss.com/voitures-renault-scenic-1999-aflou-laghouat-algerie-d57629217
57898794,Kia Picanto 2025 Picanto,Kia,Picanto,2025,375,375,1.3 ess,Essence,56000,Automatique,Khenchela,40,,,2026-09-25 11:30,2026-10-05 11:30,2026-10-05 11:30,voitures,https://www.ouedkniss.com/voitures-kia-picanto-2025-khenchela-algerie-d57898794
56967119,MG Zs Ev 2024 Luxury,MG,MG ZS,2024,365,365,1.5 VTi-Tech 106ch,GPL,81000,Automatique,Hassi khelifa,39,,1,2026-09-25 11:30,2026-10-05 11:30,2026-10-05 11:30,voitures,https://www.ouedkniss.com/voitures-mg-zs-ev-2024-luxury-hassi-khelifa-el-oued-algerie-d56967119
57207360,Suzuki Celerio 2015 GLX,Suzuki,Celerio,2015,234,234,1.0 ess 68ch,Essence,122000,Manuelle,Batna,5,,,2026-09-25 11:30,2026-10-05 11:30,2026-10-05 11:30,voitures,https://www.ouedkniss.com/voitures-suzuki-celerio-2015-glx-batna-algerie-d57207360
56828633,Livan X3 Pro 2025,Livan,X3 Pro,2025,318,318,,Essence,25000,Automatique,Setif,19,,1,2026-09-25 11:30,2026-10-05 11:30,2026-10-05 11:30,voitures,https://www.ouedkniss.com/voitures-livan-x3-pro-2025-setif-algerie-d56828633
57911436,Skoda Fabia 2021 Style,Skoda,Fabia,2021,355,355,1.0TSI 95ch,Essence,101000,Manuelle,Bir mourad rais,16,,,2026-09-25 11:30,2026-10-05 11:30,2026-10-05 11:30,voitures,https://www.ouedkniss.com/voitures-skoda-fabia-2021-style-bir-mourad-rais-alger-algerie-d57911436
57776886,Fiat 500 2023,Fiat,500,2023,255,255,"1,0 Hybrid 70ch",Essence,55000,Manuelle,Khenchela,40,,,2026-09-25 11:30,2026-10-05 11:30,2026-10-05 11:30,voitures,https://www.ouedkniss.com/voitures-fiat-500-2023-khenchela-algerie-d57776886
57818250,Suzuki Swift 2022 Swift,Suzuki,Swift,2022,335,335,1.2 ess 83 ch,Essence,57000,Semi Automatique,Medea,26,,,2026-09-25 11:30,2026-10-05 11:30,2026-10-05 11:30,voitures,https://www.ouedkniss.com/voitures-suzuki-swift-2022-medea-algerie-d57818250
57909633,Mercedes Classe B 2015,Mercedes,Classe B,2015,360,360,,Essence,78000,Manuelle,Bir el djir,31,,,2026-09-25 11:30,2026-10-05 11:30,2026-10-05 11:30,voitures,https://www.ouedkniss.com/voitures-mercedes-classe-b-2015-bir-el-djir-oran-algerie-d57909633
57690270,BMW 745LI 2004 Full Option,BMW,745LI,2004,380,380,V8,Essence,112000,Automatique,Tizi ouzou,15,,3,2026-09-25 11:30,2026-10-05 11:30,2026-10-05 11:30,voitures,https://www.ouedkniss.com/voitures-bmw-745li-2004-full-option-tizi-ouzou-algerie-d57690270
57261543,Kia Picanto 2019 EX,Kia,Picanto,2019,335,335,1.2 ess 84ch,Essence,137000,Manuelle,Khraissia,16,,1,2026-09-25 11:30,2026-10-05 11:30,2026-10-05 11:30,voitures,https://www.ouedkniss.com/voitures-kia-picanto-2019-ex-khraissia-alger-algerie-d57261543
57662841,Fiat 500 2023 Dolcevita Plus,Fiat,500,2023,265,265,"1,0 Hybrid 70ch",Essence,100000,Manuelle,Tizi ouzou,15,,,2026-09-25 11:30,2026-10-05 11:30,2026-10-05 11:30,voitures,https://www.ouedkniss.com/voitures-fiat-500-2023-dolcevita-plus-tizi-ouzou-algerie-d57662841
57908784,Hyundai I20 2023,Hyundai,i20,2023,270,270,1.0turbo,Essence,60000,Manuelle,Hussein dey,16,,1,2026-09-25 11:30,2026-10-05 11:30,2026-10-05 11:30,voitures,https://www.ouedkniss.com/voitures-hyundai-i20-2023-hussein-dey-alger-algerie-d57908784
57501345,Dacia Duster 2015 FaceLift Ambiance,Dacia,Duster,2015,248,248,1.6 ess 4X2 105ch,GPL,25500,Manuelle,Zeralda,16,,,2026-09-25 11:30,2026-10-05 11:30,2026-10-05 11:30,voitures,https://www.ouedkniss.com/voitures-dacia-duster-2015-facelift-ambiance-zeralda-alger-algerie-d57501345
57905592,Hyundai Grand I10 Sedan 2017,Hyundai,Grand i10,2017,300,300,1.2 ess 87ch,Essence,82000,Manuelle,Draria,16,,,2026-09-25 11:30,2026-10-05 11:30,2026-10-05 11:30,voitures,https://www.ouedkniss.com/voitures-hyundai-grand-i10-sedan-2017-draria-alger-algerie-d57905592
53549666,Dacia Sandero 2022 Stepway,Dacia,Sandero,2022,360,360,1.0 TCe 110ch,GPL,18000,Manuelle,Oran,31,,2,2026-09-25 11:30,2026-10-05 11:30,2026-10-05 11:30,voitures,https://www.ouedkniss.com/voitures-dacia-sandero-2022-stepway-oran-algerie-d53549666
54374279,Great Wall M4 2015 Nouveau,Great Wall,Wall M4,2015,250,250,1.5 vvt,Essence,150000,Manuelle,Misseghine,31,,,2026-09-25 11:30,2026-10-05 11:30,2026-10-05 11:30,voitures,https://www.ouedkniss.com/voitures-great-wall-m4-2015-nouveau-misseghine-oran-algerie-d54374279
57567174,Kia Picanto 2018 LX Start,Kia,Picanto,2018,292,292,1.2 ess 84ch,Essence,147000,Manuelle,Oran,31,,3,2026-09-25 11:30,2026-10-05 11:30,2026-10-05 11:30,voitures,https://www.ouedkniss.com/voitures-kia-picanto-2018-lx-start-oran-algerie-d57567174
57866400,Fiat 500 2025,Fiat,500,2025,268,268,"1,0 Hybrid 70ch",Essence,53000,Manuelle,Baraki,16,,,2026-09-25 11:30,2026-10-05 11:30,2026-10-05 11:30,voitures,https://www.ouedkniss.com/voitures-fiat-500-2025-baraki-alger-algerie-d57866400
51187198,Renault Clio 5 2022 Intense,Renault,Clio 5,2022,375,375,1.0 TCE,Essence,79600,Manuelle,Skikda,21,,2,2026-09-25 11:30,2026-10-05 11:30,2026-10-05 11:30,voitures,https://www.ouedkniss.com/voitures-renault-clio-5-2022-intense-skikda-algerie-d51187198
57905565,Citroen C3 2024,Citroen,C3,2024,315,315,1.2 83ch,Essence,38300,Manuelle,Annaba,23,,,2026-09-25 11:30,2026-10-05 11:30,2026-10-05 11:30,voitures,https://www.ouedkniss.com/voitures-citroen-c3-2024-annaba-algerie-d57905565
57905433,Hyundai Creta 2017,Hyundai,Creta,2017,300,300,1.6 CRDI 128ch,Diesel,51515,Automatique,Bou ismail,42,,,2026-09-25 11:30,2026-10-05 11:30,2026-10-05 11:30,voitures,https://www.ouedkniss.com/voitures-hyundai-creta-2017-bou-ismail-tipaza-algerie-d57905433
37588798,Fiat Tipo 2023 Sedan,Fiat,Tipo,2023,355,355,1.6 energie-1 Blanc,,51000,Automatique,Ain temouchent,46,,,2026-09-25 11:30,2026-10-05 11:30,2026-10-05 11:30,voitures,https://www.ouedkniss.com/voitures-fiat-tipo-2023-sedan-ain-temouchent-algerie-d37588798
56578544,Suzuki ALTO 800 2024 ALTO 800,Suzuki,Alto,2024,245,245,,Essence,62000,Manuelle,Mahelma,16,,3,2026-09-25 11:30,2026-10-05 11:30,2026-10-05 11:30,voitures,https://www.ouedkniss.com/voitures-suzuki-alto-800-2024-mahelma-alger-algerie-d56578544
57902676,Hyundai I10 Plus 2016 PRESTIGE,Hyundai,i10,2016,247,247,1.1 ess 69ch,Essence,21600,Manuelle,Bir el djir,31,,1,2026-09-25 11:30,2026-10-05 11:30,2026-10-05 11:30,voitures,https://www.ouedkniss.com/voitures-hyundai-i10-plus-2016-prestige-bir-el-djir-oran-algerie-d57902676
57902412,Volkswagen Golf 6 2013 Golf 6,Volkswagen,Golf 6,2013,238,238,,Diesel,120000,Manuelle,Abi youcef,15,,,2026-09-25 11:30,2026-10-05 11:30,2026-10-05 11:30,voitures,https://www.ouedkniss.com/voitures-volkswagen-golf-6-2013-abi-youcef-tizi-ouzou-algerie-d57902412
57278088,Nissan Micra 2015,Nissan,Micra,2015,309,309,1.2,Essence,78000,Manuelle,Ben aknoun,16,,1,2026-09-25 11:30,2026-10-05 11:30,2026-10-05 11:30,voitures,https://www.ouedkniss.com/voitures-nissan-micra-2015-ben-aknoun-alger-algerie-d57278088
57903426,Fiat 500 2024 CLUB,Fiat,500,2024,280,280,"1,0 Hybrid 70ch",Hybride,51000,Manuelle,Setif,19,,,2026-09-25 11:30,2026-10-05 11:30,2026-10-05 11:30,voitures,https://www.ouedkniss.com/voitures-fiat-500-2024-club-setif-algerie-d57903426
57894702,Suzuki Swift 2022 Swift,Suzuki,Swift,2022,305,305,1.2 VVT 85ch BVA,Essence,120000,Automatique,Ghardaia,47,,,2026-09-24 11:30,2026-10-05 11:30,2026-10-05 11:30,voitures,https://www.ouedkniss.com/voitures-suzuki-swift-2022-ghardaia-algerie-d57894702
57894504,Fiat 500x 2023 Club,Fiat,500X,2023,362,362,1.4l MultiAir ess 140ch DCT,Essence,95000,Automatique,Mascara,29,,,2026-09-24 11:30,2026-10-05 11:30,2026-10-05 11:30,voitures,https://www.ouedkniss.com/voitures-fiat-500x-2023-club-mascara-algerie-d57894504
57895896,Toyota Aygo 2021 Deutschland,Toyota,Aygo,2021,335,335,1.0,Essence,59000,Automatique,Bouira,10,,,2026-09-24 11:30,2026-10-05 11:30,2026-10-05 11:30,voitures,https://www.ouedkniss.com/voitures-toyota-aygo-2021-deutschland-bouira-algerie-d57895896
57895815,Fiat 500 2023 CLUB,Fiat,500,2023,290,290,"1,0 Hybrid 70ch",Essence,54500,Manuelle,El achour,16,,,2026-09-24 11:30,2026-10-05 11:30,2026-10-05 11:30,voitures,https://www.ouedkniss.com/voitures-fiat-500-2023-club-el-achour-alger-algerie-d57895815
57895410,Chery Tiggo 2 Pro 2024 Luxury,Chery,Tiggo 2 Pro,2024,315,315,1.0 ess turbo 102ch,Essence,27000,Automatique,Blida,9,,,2026-09-24 11:30,2026-10-05 11:30,2026-10-05 11:30,voitures,https://www.ouedkniss.com/voitures-chery-tiggo-2-pro-2024-luxury-blida-algerie-d57895410
57779619,Hyundai Grand I10 2019 DZ,Hyundai,Grand i10,2019,290,290,1.2 ess 87ch,Essence,135000,Manuelle,Birtouta,16,,1,2026-09-24 11:30,2026-10-05 11:30,2026-10-05 11:30,voitures,https://www.ouedkniss.com/voitures-hyundai-grand-i10-2019-dz-birtouta-alger-algerie-d57779619
57782688,Renault Clio 4 2019 GT Line +,Renault,Clio 4,2019,380,380,1.5 DCI,Diesel,145000,Manuelle,Reghaia,16,,,2026-09-24 11:30,2026-10-05 11:30,2026-10-05 11:30,voitures,https://www.ouedkniss.com/voitures-renault-clio-4-2019-gt-line-reghaia-alger-algerie-d57782688
57879438,Kia KX1 2025 Kia KX1 Luxury,Kia,KX1,2025,373,373,1.5,Essence,22300,Automatique,Guerrouaou,9,,,2026-09-24 11:30,2026-10-05 11:30,2026-10-05 11:30,voitures,https://www.ouedkniss.com/voitures-kia-kx1-2025-luxury-guerrouaou-blida-algerie-d57879438
56801504,Kia Picanto 2025 2025,Kia,Picanto,2025,380,380,1.2 ess,Essence,47000,Automatique,Khenchela,40,,,2026-09-24 11:30,2026-10-05 11:30,2026-10-05 11:30,voitures,https://www.ouedkniss.com/voitures-kia-picanto-2025-khenchela-algerie-d56801504
57860034,Renault Express 1994 Express,Renault,Express,1994,320,320,1.2 ess 55ch,Essence,60000,Manuelle,Constantine,25,,1,2026-09-24 11:30,2026-10-05 11:30,2026-10-05 11:30,voitures,https://www.ouedkniss.com/voitures-renault-express-1994-constantine-algerie-d57860034
57893019,Hyundai I10 2016 GL Plus,Hyundai,i10,2016,205,205,1.2,Essence,134000,Manuelle,Souidania,16,,,2026-09-24 11:30,2026-10-05 11:30,2026-10-05 11:30,voitures,https://www.ouedkniss.com/voitures-hyundai-i10-2016-gl-plus-souidania-alger-algerie-d57893019
56930555,Citroen C3 2023,Citroen,C3,2023,340,340,1.2purtech,Essence,22000,Manuelle,Reghaia,16,,2,2026-09-24 11:30,2026-10-05 11:30,2026-10-05 11:30,voitures,https://www.ouedkniss.com/voitures-citroen-c3-2023-reghaia-alger-algerie-d56930555
57893529,Renault Master 2,Renault,Master,,250,250,,Diesel,70000,Manuelle,Ain oussara,17,,,2026-09-24 11:30,2026-10-05 11:30,2026-10-05 11:30,fourgon,https://www.ouedkniss.com/fourgon-renault-master-2-ain-oussara-djelfa-algerie-d57893529
57893097,Chery Tiggo 2 Pro 2024,Chery,Tiggo 2 Pro,2024,345,345,1.0 ess turbo 102ch,,25000,Automatique,Bordj el bahri,16,,,2026-09-24 11:30,2026-10-05 11:30,2026-10-05 11:30,voitures,https://www.ouedkniss.com/voitures-chery-tiggo-2-pro-2024-bordj-el-bahri-alger-algerie-d57893097
56758634,Chery Arrizo 5 2025 Comfort,Chery,Arrizo 5,2025,367,367,1.5 ess 108ch,Essence,16000,Automatique,Khenchela,40,,,2026-09-24 11:30,2026-10-05 11:30,2026-10-05 11:30,voitures,https://www.ouedkniss.com/voitures-chery-arrizo-5-2025-comfort-khenchela-algerie-d56758634
57892029,Kia Picanto 2021 Morning,Kia,Picanto,2021,316,316,1.0 ess 69ch,Essence,95000,Automatique,Tadjenanet,43,,1,2026-09-24 11:30,2026-10-05 11:30,2026-10-05 11:30,voitures,https://www.ouedkniss.com/voitures-kia-picanto-2021-morning-tadjenanet-mila-algerie-d57892029
57818385,Chery Arrizo 5 2024 Comfort,Chery,Arrizo 5,2024,305,305,1.5 ess 108ch,Essence,55000,Manuelle,Khenchela,40,,1,2026-09-24 11:30,2026-10-05 11:30,2026-10-05 11:30,voitures,https://www.ouedkniss.com/voitures-chery-arrizo-5-2024-comfort-khenchela-algerie-d57818385
57888957,Kawasaki Z900 2025,Kawasaki,Z900,2025,310,310,,,15000,Manuelle,Batna,5,,,2026-09-24 11:30,2026-10-05 11:30,2026-10-05 11:30,motos,https://www.ouedkniss.com/motos-scooters-kawasaki-z900-2025-batna-algerie-d57888957
57870882,Fiat Doblo 2023 إيطاليا,Fiat,Doblo,2023,372,372,1.6 hdi,Diesel,77000,Manuelle,El achir,34,,,2026-09-24 11:30,2026-10-05 11:30,2026-10-05 11:30,utilitaire,https://www.ouedkniss.com/utilitaire-fiat-doblo-2023-%D8%A5%D9%8A%D8%B7%D8%A7%D9%84%D9%8A%D8%A7-el-achir-bordj-bou-arreridj-algerie-d57870882
57763473,Citroen C3 2022 City Line,Citroen,C3,2022,330,330,1.2 VTI 82ch,Essence,35800,Manuelle,Taher,18,,,2026-09-24 11:30,2026-10-05 11:30,2026-10-05 11:30,voitures,https://www.ouedkniss.com/voitures-citroen-c3-2022-city-line-taher-jijel-algerie-d57763473
57855030,Renault Clio 5 2021 Business,Renault,Clio 5,2021,310,310,1.0,Essence,126000,Manuelle,Tlemcen,13,,1,2026-09-24 11:30,2026-10-05 11:30,2026-10-05 11:30,voitures,https://www.ouedkniss.com/voitures-renault-clio-5-2021-business-tlemcen-algerie-d57855030
57844326,Peugeot 208 2015 Access,Peugeot,208,2015,240,240,1.2 VTI 82ch,Essence,132000,Manuelle,Bab el oued,16,,,2026-09-24 11:30,2026-10-05 11:30,2026-10-05 11:30,voitures,https://www.ouedkniss.com/voitures-peugeot-208-2015-access-bab-el-oued-alger-algerie-d57844326
57820335,Fiat 500 2024 Cult MIB,Fiat,500,2024,280,280,"1,0 Hybrid 70ch",Essence,63000,Manuelle,Chaiba,42,,,2026-09-24 11:30,2026-10-05 11:30,2026-10-05 11:30,voitures,https://www.ouedkniss.com/voitures-fiat-500-2024-cult-mib-tipaza-algerie-d57820335
57667899,Fiat 500 2024 CLUB,Fiat,500,2024,285,285,"1,0 Hybrid 70ch",Essence,32000,Manuelle,Kolea,42,,,2026-09-24 11:30,2026-10-05 11:30,2026-10-05 11:30,voitures,https://www.ouedkniss.com/voitures-fiat-500-2024-club-kolea-tipaza-algerie-d57667899
57875346,Fiat Doblo 2024 Doblo Professional,Fiat,Doblo,2024,350,350,1.6hdi,Diesel,128000,Manuelle,Gdyel,31,,,2026-09-24 11:30,2026-10-05 11:30,2026-10-05 11:30,voitures,https://www.ouedkniss.com/voitures-fiat-doblo-2024-professional-gdyel-oran-algerie-d57875346
57615486,Seat Ibiza 2017 High Facelift,Seat,Ibiza,2017,310,310,1.6 MPi 110 ch,Essence,144000,Manuelle,Alger centre,16,,1,2026-09-24 11:30,2026-10-05 11:30,2026-10-05 11:30,voitures,https://www.ouedkniss.com/voitures-seat-ibiza-2017-high-facelift-alger-centre-algerie-d57615486
57035175,Renault Kwid 2024 Outsider,Renault,Kwid,2024,290,290,"1,0L 12v 68ch",Essence,70000,Manuelle,El biar,16,,,2026-09-24 11:30,2026-10-05 11:30,2026-10-05 11:30,voitures,https://www.ouedkniss.com/voitures-renault-kwid-2024-outsider-el-biar-alger-algerie-d57035175
57885117,Peugeot 208 Gt 2023,Peugeot,208,2023,340,340,,Essence,82000,Automatique,Bir el djir,31,,,2026-09-24 11:30,2026-10-05 11:30,2026-10-05 11:30,voitures,https://www.ouedkniss.com/voitures-peugeot-208-gt-2023-bir-el-djir-oran-algerie-d57885117
57882930,Ford Focus 5 Portes 2011 Focus 5 Portes,Ford,Focus,2011,260,260,1.6 ess,Essence,98600,Manuelle,Jijel,18,,,2026-09-23 11:30,2026-10-05 11:30,2026-10-05 11:30,voitures,https://www.ouedkniss.com/voitures-ford-focus-5-portes-2011-jijel-algerie-d57882930
57882210,Livan X3 Pro 2025 Automatique (Avec Toi Ouvrant ),Livan,X3 Pro,2025,350,350,1.5 ess 113ch,Essence,23593,Automatique,Chetouane,13,,,2026-09-23 11:30,2026-10-05 11:30,2026-10-05 11:30,voitures,https://www.ouedkniss.com/voitures-livan-x3-pro-2025-automatique-avec-toi-ouvrant-chetouane-tlemcen-algerie-d57882210
57879906,Renault Clio 3 2010 Clio 3,Renault,Clio 3,2010,280,280,1.5 DCI 105ch,,83000,Manuelle,Ain mlila,4,,,2026-09-23 11:30,2026-10-05 11:30,2026-10-05 11:30,voitures,https://www.ouedkniss.com/voitures-renault-clio-3-2010-ain-mlila-oum-el-bouaghi-algerie-d57879906
57879750,Kia Picanto 2021 Morning,Kia,Picanto,2021,335,335,1.0 ess 69ch,Essence,95000,Automatique,El khroub,25,,,2026-09-23 11:30,2026-10-05 11:30,2026-10-05 11:30,voitures,https://www.ouedkniss.com/voitures-kia-picanto-2021-morning-el-khroub-constantine-algerie-d57879750
57840270,Fiat 500x 2024 Club,Fiat,500X,2024,370,370,1.4 turbo,Essence,35000,Automatique,El biar,16,,,2026-09-23 11:30,2026-10-05 11:30,2026-10-05 11:30,voitures,https://www.ouedkniss.com/voitures-fiat-500x-2024-club-el-biar-alger-algerie-d57840270
57880068,Chery Tiggo 2 Pro 2024 Comfort,Chery,Tiggo 2 Pro,2024,315,315,1.5 ess 108ch,Essence,38000,Manuelle,Batna,5,,,2026-09-23 11:30,2026-10-05 11:30,2026-10-05 11:30,voitures,https://www.ouedkniss.com/voitures-chery-tiggo-2-pro-2024-comfort-batna-algerie-d57880068
57872643,Sokon C01 2024,Sokon,C01,2024,240,240,Ess 1.1,Essence,140000,Manuelle,Remchi,13,,,2026-09-23 11:30,2026-10-05 11:30,2026-10-05 11:30,voitures,https://www.ouedkniss.com/voitures-sokon-c01-2024-remchi-tlemcen-algerie-d57872643
57878787,Fiat 500 2023 Hybride,Fiat,500,2023,245,245,"1,0 Hybrid 70ch",Essence,110629,Manuelle,Khemis miliana,44,,,2026-09-23 11:30,2026-10-05 11:30,2026-10-05 11:30,voitures,https://www.ouedkniss.com/voitures-fiat-500-2023-hybride-khemis-miliana-ain-defla-algerie-d57878787
57872580,Hyundai Grand I10 2018,Hyundai,Grand i10,2018,350,350,1.2 ess 87ch,Essence,90000,Automatique,Cheraga,16,,,2026-09-23 11:30,2026-10-05 11:30,2026-10-05 11:30,voitures,https://www.ouedkniss.com/voitures-hyundai-grand-i10-2018-cheraga-alger-algerie-d57872580
57710112,Fiat 500x 2024 Club,Fiat,500X,2024,335,335,1.4l MultiAir ess 140ch DCT,Essence,120000,Automatique,Bab ezzouar,16,,1,2026-09-23 11:30,2026-10-05 11:30,2026-10-05 11:30,voitures,https://www.ouedkniss.com/voitures-fiat-500x-2024-club-bab-ezzouar-alger-algerie-d57710112
53553029,Toyota Yaris 2020 Y20,Toyota,Yaris,2020,360,360,1.0 VVTI 69ch,Essence,115000,Manuelle,Ben aknoun,16,,2,2026-09-23 11:30,2026-10-05 11:30,2026-10-05 11:30,voitures,https://www.ouedkniss.com/voitures-toyota-yaris-2020-y20-ben-aknoun-alger-algerie-d53553029
57872454,Fiat 500 2025 Hybrid,Fiat,500,2025,299,299,"1,0 Hybrid 70ch",Essence,21000,Manuelle,Kolea,42,,,2026-09-23 11:30,2026-10-05 11:30,2026-10-05 11:30,voitures,https://www.ouedkniss.com/voitures-fiat-500-2025-hybrid-kolea-tipaza-algerie-d57872454
57875796,Baic X25 2017 X25,BAIC,X25,2017,240,240,1.5 ess 114ch,Essence,117000,Manuelle,Ain benian,16,,,2026-09-23 11:30,2026-10-05 11:30,2026-10-05 11:30,voitures,https://www.ouedkniss.com/voitures-baic-x25-2017-ain-benian-alger-algerie-d57875796
57872331,Fiat 500 2025 Dolcevita MIB,Fiat,500,2025,284,284,"1,0 Hybrid 70ch",Hybride,45000,Manuelle,Bouinan,9,,,2026-09-23 11:30,2026-10-05 11:30,2026-10-05 11:30,voitures,https://www.ouedkniss.com/voitures-fiat-500-2025-dolcevita-mib-bouinan-blida-algerie-d57872331
57875733,Geely GX3 PRO 2024,Geely,GX3 Pro,2024,350,350,"1,5 ess 102ch CVT",Essence,47000,Automatique,Aokas,6,,,2026-09-23 11:30,2026-10-05 11:30,2026-10-05 11:30,voitures,https://www.ouedkniss.com/voitures-geely-gx3-pro-2024-aokas-bejaia-algerie-d57875733
57878163,Citroen C3 2022,Citroen,C3,2022,310,310,1.1 ess 60ch,Essence,108000,Manuelle,Oum Touyour,57,,,2026-09-23 11:30,2026-10-05 11:30,2026-10-05 11:30,voitures,https://www.ouedkniss.com/voitures-citroen-c3-2022-oum-touyour-el-meghaier-algerie-d57878163
57874845,Renault Clio 4 2019 Limited,Renault,Clio 4,2019,340,340,1.5 DCI 85ch,Diesel,108590,Manuelle,Bordj el kiffan,16,,,2026-09-23 11:30,2026-10-05 11:30,2026-10-05 11:30,voitures,https://www.ouedkniss.com/voitures-renault-clio-4-2019-limited-bordj-el-kiffan-alger-algerie-d57874845
57659700,Nissan Micra 2011 City,Nissan,Micra,2011,255,255,1.3 ess 80ch,Essence,81944,Automatique,Bab ezzouar,16,,2,2026-09-23 11:30,2026-10-05 11:30,2026-10-05 11:30,voitures,https://www.ouedkniss.com/voitures-nissan-micra-2011-city-bab-ezzouar-alger-algerie-d57659700
57853353,Yamaha Mt09,Yamaha,Mt09,,280,280,,,25000,,Ghardaia,47,,,2026-09-23 11:30,2026-10-05 11:30,2026-10-05 11:30,motos,https://www.ouedkniss.com/motos-scooters-yamaha-mt09-ghardaia-algerie-d57853353
57873564,Dacia Logan 2015 Ambiance,Dacia,Logan,2015,330,330,1.2 ess 16V 75ch,Essence,80000,Manuelle,Tiaret,14,,,2026-09-23 11:30,2026-10-05 11:30,2026-10-05 11:30,voitures,https://www.ouedkniss.com/voitures-dacia-logan-2015-ambiance-tiaret-algerie-d57873564
57873450,Kia Picanto 2019 LX,Kia,Picanto,2019,320,320,1.2 ess 84ch,Essence,144000,Manuelle,Mascara,29,,,2026-09-23 11:30,2026-10-05 11:30,2026-10-05 11:30,voitures,https://www.ouedkniss.com/voitures-kia-picanto-2019-lx-mascara-algerie-d57873450
57690963,Geely GX3 PRO 2024,Geely,GX3 Pro,2024,285,285,"1,5 ess 102ch CVT",Essence,88000,Automatique,Batna,5,,,2026-09-23 11:30,2026-10-05 11:30,2026-10-05 11:30,voitures,https://www.ouedkniss.com/voitures-geely-gx3-pro-2024-batna-algerie-d57690963
57870636,Peugeot 308 2013 Allure,Peugeot,308,2013,363,363,1.6 HDI 112ch,Diesel,145000,Manuelle,Skikda,21,,,2026-09-23 11:30,2026-10-05 11:30,2026-10-05 11:30,voitures,https://www.ouedkniss.com/voitures-peugeot-308-2013-allure-skikda-algerie-d57870636
57681726,Chery Tiggo 4 Pro 2024 Comfort,Chery,Tiggo 4 Pro,2024,350,350,1.5 ess 113ch,Essence,82000,Manuelle,Oran,31,,,2026-09-23 11:30,2026-10-05 11:30,2026-10-05 11:30,voitures,https://www.ouedkniss.com/voitures-chery-tiggo-4-pro-2024-comfort-oran-algerie-d57681726
57860139,Kia Rio 5 Portes 2021 Rio 5 Portes,Kia,Rio,2021,350,350,1.6 ess,Essence,140000,Automatique,Bouira,10,,,2026-09-23 11:30,2026-10-05 11:30,2026-10-05 11:30,voitures,https://www.ouedkniss.com/voitures-kia-rio-5-portes-2021-bouira-algerie-d57860139
57589986,Hyundai Grand I10 2017,Hyundai,Grand i10,2017,268,268,1.2 ess 87ch,Essence,119000,Manuelle,Ouled yaich,9,,,2026-09-23 11:30,2026-10-05 11:30,2026-10-05 11:30,voitures,https://www.ouedkniss.com/voitures-hyundai-grand-i10-2017-ouled-yaich-blida-algerie-d57589986
57256857,Fiat 500 2025 Cult MIB,Fiat,500,2025,305,305,"1,0 Hybrid 70ch",Essence,39000,Manuelle,Bouzareah,16,,,2026-09-23 11:30,2026-10-05 11:30,2026-10-05 11:30,voitures,https://www.ouedkniss.com/voitures-fiat-500-2025-cult-mib-bouzareah-alger-algerie-d57256857
57867561,Renault Logan 2012 G,Renault,Logan,2012,205,205,1.6,Essence,95000,Manuelle,Oued rhiou,48,,,2026-09-23 11:30,2026-10-05 11:30,2026-10-05 11:30,utilitaire,https://www.ouedkniss.com/utilitaire-renault-logan-2012-g-oued-rhiou-relizane-algerie-d57867561
57855276,Citroen C3 AirCoss 2024,Citroen,C3,2024,349,349,,,52000,Manuelle,Ramdane djamel,21,,,2026-09-22 11:30,2026-10-05 11:30,2026-10-05 11:30,voitures,https://www.ouedkniss.com/voitures-citroen-c3-aircoss-2024-ramdane-djamel-sidi-amar-skikda-annaba-algerie-d57855276
57865596,Suzuki L7 2017,Suzuki,L7,2017,245,245,,,24000,Semi Automatique,Msila,28,,,2026-09-22 11:30,2026-10-05 11:30,2026-10-05 11:30,motos,https://www.ouedkniss.com/motos-scooters-suzuki-l7-2017-msila-algerie-d57865596
49885634,Peugeot 208 2016 Active,Peugeot,208,2016,235,235,1.2 VTI 82ch,Essence,125000,Manuelle,Oran,31,,7,2026-09-22 11:30,2026-10-05 11:30,2026-10-05 11:30,voitures,https://www.ouedkniss.com/voitures-peugeot-208-2016-active-oran-algerie-d49885634
57784389,Renault Clio 4 2015 GT Line +,Renault,Clio 4,2015,320,320,1.5 DCI 110,Diesel,142000,Manuelle,Souk el thenine,6,,1,2026-09-22 11:30,2026-10-05 11:30,2026-10-05 11:30,voitures,https://www.ouedkniss.com/voitures-renault-clio-4-2015-gt-line-souk-el-thenine-bejaia-algerie-d57784389
57865227,Kawasaki Z900 2023,Kawasaki,Z900,2023,240,240,,,20900,Manuelle,Saida,20,,,2026-09-22 11:30,2026-10-05 11:30,2026-10-05 11:30,motos,https://www.ouedkniss.com/motos-scooters-kawasaki-z900-2023-saida-algerie-d57865227
57864207,Opel Corsa 2024 Edition,Opel,Corsa,2024,329,329,1.2 purtech,Essence,36000,Manuelle,Constantine,25,,,2026-09-22 11:30,2026-10-05 11:30,2026-10-05 11:30,voitures,https://www.ouedkniss.com/voitures-opel-corsa-2024-edition-constantine-algerie-d57864207
57809988,Fiat 500x 2024 Club,Fiat,500X,2024,375,375,1.4l MultiAir ess 140ch DCT,Essence,38000,Automatique,Zeralda,16,,,2026-09-22 11:30,2026-10-05 11:30,2026-10-05 11:30,voitures,https://www.ouedkniss.com/voitures-fiat-500x-2024-club-zeralda-alger-algerie-d57809988
57819552,Peugeot 208 2013 Access,Peugeot,208,2013,285,285,1.6 HDI 75ch,Diesel,64000,Manuelle,Hraoua,16,,,2026-09-22 11:30,2026-10-05 11:30,2026-10-05 11:30,voitures,https://www.ouedkniss.com/voitures-peugeot-208-2013-access-hraoua-alger-algerie-d57819552
57860835,Faw SinyaR7 2026 العادية,Faw,SinyaR7,2026,340,340,1.5,GPL,24000,Manuelle,Oum el bouaghi,4,,,2026-09-22 11:30,2026-10-05 11:30,2026-10-05 11:30,voitures,https://www.ouedkniss.com/voitures-faw-sinyar7-2026-%D8%A7%D9%84%D8%B9%D8%A7%D8%AF%D9%8A%D8%A9-oum-el-bouaghi-algerie-d57860835
57863970,Volkswagen Caddy 2012 Trendline,Volkswagen,Caddy,2012,380,380,,Diesel,99000,Manuelle,Boufarik,9,,,2026-09-22 11:30,2026-10-05 11:30,2026-10-05 11:30,voitures,https://www.ouedkniss.com/voitures-volkswagen-caddy-2012-trendline-boufarik-blida-algerie-d57863970
57860775,Kia K3 2023,Kia,K3,2023,344,344,1.6mpi,Essence,63000,Automatique,Mila,43,,1,2026-09-22 11:30,2026-10-05 11:30,2026-10-05 11:30,voitures,https://www.ouedkniss.com/voitures-kia-k3-2023-mila-algerie-d57860775
57861585,Hyundai Accent 2006 Accent,Hyundai,Accent,2006,300,300,1.5 ess 91ch,Essence,132000,Manuelle,Sefiane,5,,,2026-09-22 11:30,2026-10-05 11:30,2026-10-05 11:30,voitures,https://www.ouedkniss.com/voitures-hyundai-accent-2006-sefiane-batna-algerie-d57861585
57863703,Seat Ibiza 2018 High Facelift,Seat,Ibiza,2018,365,365,1.6 MPi 110 ch,GPL,19700,Manuelle,Baba hassen,16,,,2026-09-22 11:30,2026-10-05 11:30,2026-10-05 11:30,voitures,https://www.ouedkniss.com/voitures-seat-ibiza-2018-high-facelift-baba-hassen-alger-algerie-d57863703
57863523,Livan X3 Pro 2026 Automatique (Avec Toi Ouvrant ),Livan,X3 Pro,2026,335,335,1.5 ess 113ch,Essence,15000,Automatique,Bechar,8,,,2026-09-22 11:30,2026-10-05 11:30,2026-10-05 11:30,voitures,https://www.ouedkniss.com/voitures-livan-x3-pro-2026-automatique-avec-toi-ouvrant-bechar-algerie-d57863523
57862965,Kaiyi X3 Pro 2026 Flagship,Livan,X3 Pro,2026,370,370,1.5 Turbo 156 ch,Essence,15000,Automatique,Bordj bou arreridj,34,,,2026-09-22 11:30,2026-10-05 11:30,2026-10-05 11:30,voitures,https://www.ouedkniss.com/voitures-kaiyi-x3-pro-2026-flagship-bordj-bou-arreridj-algerie-d57862965
57843849,Seat Ibiza 2017 Sol,Seat,Ibiza,2017,310,310,1.6 MPi 90ch,Essence,85300,Manuelle,Sidi mhamed,16,,,2026-09-22 11:30,2026-10-05 11:30,2026-10-05 11:30,voitures,https://www.ouedkniss.com/voitures-seat-ibiza-2017-sol-sidi-mhamed-alger-algerie-d57843849
57861018,Livan X3 Pro 2025 Automatique (Avec Toi Ouvrant ),Livan,X3 Pro,2025,348,348,1.5 ess 113ch,Essence,26000,Automatique,Bou ismail,42,,,2026-09-22 11:30,2026-10-05 11:30,2026-10-05 11:30,voitures,https://www.ouedkniss.com/voitures-livan-x3-pro-2025-automatique-avec-toi-ouvrant-bou-ismail-tipaza-algerie-d57861018
57857790,Renault Clio 4 2019 Clio 4,Renault,Clio 4,2019,320,320,,Essence,31000,Automatique,Tipaza,42,,1,2026-09-22 11:30,2026-10-05 11:30,2026-10-05 11:30,voitures,https://www.ouedkniss.com/voitures-renault-clio-4-2019-tipaza-algerie-d57857790
57857451,Citroen C3 2022 SHINE,Citroen,C3,2022,310,310,1.2 PureTech 110ch,Essence,68300,Automatique,Bordj bou arreridj,34,,1,2026-09-22 11:30,2026-10-05 11:30,2026-10-05 11:30,voitures,https://www.ouedkniss.com/voitures-citroen-c3-2022-shine-bordj-bou-arreridj-algerie-d57857451
57857031,Seat Ibiza 2017 High Facelift,Seat,Ibiza,2017,340,340,1.6 MPi 90ch,Essence,87700,Manuelle,Laghouat,3,,,2026-09-22 11:30,2026-10-05 11:30,2026-10-05 11:30,voitures,https://www.ouedkniss.com/voitures-seat-ibiza-2017-high-facelift-laghouat-algerie-d57857031
57739014,Skoda Fabia 2022 Active,Skoda,Fabia,2022,340,340,1.0 MPI 75ch,Essence,95000,Manuelle,Kolea,42,,2,2026-09-22 11:30,2026-10-05 11:30,2026-10-05 11:30,voitures,https://www.ouedkniss.com/voitures-skoda-fabia-2022-active-kolea-tipaza-algerie-d57739014
57853362,Citroen C3 2024,Citroen,C3,2024,310,310,محرك 1.2L PureTech Essence,Essence,60000,Manuelle,Batna,5,,,2026-09-22 11:30,2026-10-05 11:30,2026-10-05 11:30,voitures,https://www.ouedkniss.com/voitures-citroen-c3-2024-batna-algerie-d57853362
57852936,Citroen C3 2024 You,Citroen,C3,2024,310,310,1.2,Essence,21000,Manuelle,Oran,31,,,2026-09-22 11:30,2026-10-05 11:30,2026-10-05 11:30,voitures,https://www.ouedkniss.com/voitures-citroen-c3-2024-you-oran-algerie-d57852936
57852822,Fiat Tipo Sedan 2023 Life,Fiat,Tipo Sedan,2023,340,340,1.6 eTorq 110ch BVA,GPL,116000,Automatique,Bordj bou arreridj,34,,,2026-09-22 11:30,2026-10-05 11:30,2026-10-05 11:30,voitures,https://www.ouedkniss.com/voitures-fiat-tipo-sedan-2023-life-bordj-bou-arreridj-algerie-d57852822
57786597,Fiat 500 2024,Fiat,500,2024,300,300,"1,0 Hybrid 70ch",Hybride,16000,Manuelle,Baraki,16,,,2026-09-22 11:30,2026-10-05 11:30,2026-10-05 11:30,voitures,https://www.ouedkniss.com/voitures-fiat-500-2024-baraki-alger-algerie-d57786597
57721431,Fiat 500 2024 Dolcevita MIB,Fiat,500,2024,290,290,"1,0 Hybrid 70ch",Essence,21000,Manuelle,El attaf,44,,,2026-09-22 11:30,2026-10-05 11:30,2026-10-05 11:30,voitures,https://www.ouedkniss.com/voitures-fiat-500-2024-dolcevita-mib-el-attaf-ain-defla-algerie-d57721431
57515778,Hyundai Accent RB 5 Portes 2018,Hyundai,Accent RB,2018,285,285,1.4 ess 107ch,Essence,140000,Automatique,Oran,31,,2,2026-09-22 11:30,2026-10-05 11:30,2026-10-05 11:30,voitures,https://www.ouedkniss.com/voitures-hyundai-accent-rb-5-portes-2018-oran-algerie-d57515778
57834522,Dacia Sandero 2022 Access,Dacia,Sandero,2022,280,280,1.0 SCe 65ch,Essence,117000,Manuelle,Bir el djir,31,,1,2026-09-22 11:30,2026-10-05 11:30,2026-10-05 11:30,voitures,https://www.ouedkniss.com/voitures-dacia-sandero-2022-access-bir-el-djir-oran-algerie-d57834522
57854472,Volkswagen Polo 2009 Polo,Volkswagen,Polo,2009,250,250,1.9 SDI 64ch,Diesel,145000,Manuelle,Sidi bel abbes,22,,,2026-09-22 11:30,2026-10-05 11:30,2026-10-05 11:30,voitures,https://www.ouedkniss.com/voitures-volkswagen-polo-2009-sidi-bel-abbes-algerie-d57854472
56864783,Citroen C3 2022 SHINE,Citroen,C3,2022,315,315,1.2 PureTech 83ch,Essence,98000,Manuelle,Ouled fayet,16,,,2026-09-22 11:30,2026-10-05 11:30,2026-10-05 11:30,voitures,https://www.ouedkniss.com/voitures-citroen-c3-2022-shine-ouled-fayet-alger-algerie-d56864783
57846951,Fiat 500 2025,Fiat,500,2025,310,310,,Essence,20000,Manuelle,Bir el djir,31,,1,2026-09-22 11:30,2026-10-05 11:30,2026-10-05 11:30,voitures,https://www.ouedkniss.com/voitures-fiat-500-2025-bir-el-djir-oran-algerie-d57846951
57845823,Livan X3 Pro 2026 Automatique (Avec Toi Ouvrant ),Livan,X3 Pro,2026,340,340,1.5 ess 113ch,Essence,21000,Automatique,Mostaganem,27,,,2026-09-22 11:30,2026-10-05 11:30,2026-10-05 11:30,voitures,https://www.ouedkniss.com/voitures-livan-x3-pro-2026-automatique-avec-toi-ouvrant-mostaganem-algerie-d57845823
57846657,Citroen Citroen 2023 Essence,Citroen,Citroen,2023,320,320,1.2,Essence,32000,Manuelle,Bir el djir,31,,,2026-09-22 11:30,2026-10-05 11:30,2026-10-05 11:30,voitures,https://www.ouedkniss.com/voitures-citroen-2023-essence-bir-el-djir-oran-algerie-d57846657
57846519,Kia KX1 2025 Kia KX1 Luxury,Kia,KX1,2025,375,375,1.4 100ch,Essence,27000,Automatique,Ouargla,30,,,2026-09-22 11:30,2026-10-05 11:30,2026-10-05 11:30,voitures,https://www.ouedkniss.com/voitures-kia-kx1-2025-luxury-ouargla-algerie-d57846519
57847419,Shacmane ديباناج 2019,Shacmane,ديباناج,2019,320,320,,Diesel,140000,Manuelle,Metlilli,47,,,2026-09-22 11:30,2026-10-05 11:30,2026-10-05 11:30,camion,https://www.ouedkniss.com/camion-shacmane-%D8%AF%D9%8A%D8%A8%D8%A7%D9%86%D8%A7%D8%AC-2019-metlilli-ghardaia-algerie-d57847419
57848427,Renault Fluence 2011 Privilège,Renault,Fluence,2011,295,295,1.5 DCI 110ch,Diesel,142000,Manuelle,Tlemcen,13,,,2026-09-22 11:30,2026-10-05 11:30,2026-10-05 11:30,voitures,https://www.ouedkniss.com/voitures-renault-fluence-2011-privilege-tlemcen-algerie-d57848427
57801432,Peugeot 208 2022 Allure,Peugeot,208,2022,320,320,1.6 HDI 92ch,Diesel,145000,Manuelle,Oran,31,,1,2026-09-22 11:30,2026-10-05 11:30,2026-10-05 11:30,voitures,https://www.ouedkniss.com/voitures-peugeot-208-2022-allure-oran-algerie-d57801432
56403784,Livan X3 Pro 2025 Manuelle (Sans Toit Ouvrant),Livan,X3 Pro,2025,315,315,1.5 ess 113ch,Essence,22000,Manuelle,Kouba,16,,1,2026-09-22 11:30,2026-10-05 11:30,2026-10-05 11:30,voitures,https://www.ouedkniss.com/voitures-livan-x3-pro-2025-manuelle-sans-toit-ouvrant-kouba-alger-algerie-d56403784
57845268,Fiat Tipo Sedan 2023 City,Fiat,Tipo Sedan,2023,355,355,1.6 eTorq 110ch BVA,GPL,107000,Automatique,Tlemcen,13,,,2026-09-22 11:30,2026-10-05 11:30,2026-10-05 11:30,voitures,https://www.ouedkniss.com/voitures-fiat-tipo-sedan-2023-city-tlemcen-algerie-d57845268
54105263,Chevrolet New Spark 2015 New Spark,Chevrolet,Spark,2015,262,262,1.2 ess 16V 81ch,Essence,100000,Manuelle,Ain naadja,16,,8,2026-09-22 11:30,2026-10-05 11:30,2026-10-05 11:30,voitures,https://www.ouedkniss.com/voitures-chevrolet-new-spark-2015-ain-naadja-alger-algerie-d54105263
57104640,Renault Symbol 2021 Extrême,Renault,Symbol,2021,340,340,1.6 16v,Essence,128000,Automatique,Tipaza,42,,,2026-09-22 11:30,2026-10-05 11:30,2026-10-05 11:30,voitures,https://www.ouedkniss.com/voitures-renault-symbol-2021-extreme-tipaza-algerie-d57104640
57482973,Citroen C3 2022 SHINE,Citroen,C3,2022,310,310,1.2 PureTech 83ch,Essence,94000,Manuelle,Tlemcen,13,,,2026-09-22 11:30,2026-10-05 11:30,2026-10-05 11:30,voitures,https://www.ouedkniss.com/voitures-citroen-c3-2022-shine-tlemcen-algerie-d57482973
57826317,Suzuki Swift 2023 GL Plus,Suzuki,Swift,2023,355,355,1.2 ess 83 ch,Essence,80000,Automatique,El affroun,9,,,2026-09-22 11:30,2026-10-05 11:30,2026-10-05 11:30,voitures,https://www.ouedkniss.com/voitures-suzuki-swift-2023-gl-plus-el-affroun-blida-algerie-d57826317
57362976,Opel Corsa 2022 Gs Line,Opel,Corsa,2022,360,360,1.2 gs line la 130ch turbo,Essence,88000,Manuelle,Setif,19,,1,2026-09-21 11:30,2026-10-05 11:30,2026-10-05 11:30,voitures,https://www.ouedkniss.com/voitures-opel-corsa-2022-gs-line-setif-algerie-d57362976
56448247,Citroen C 3 2023 ELLE,Citroen,C 3,2023,360,360,1.0,Essence,35000,Manuelle,Annaba,23,,,2026-09-21 11:30,2026-10-05 11:30,2026-10-05 11:30,voitures,https://www.ouedkniss.com/voitures-citroen-c-3-2023-elle-annaba-algerie-d56448247
57676716,Fiat 500 2025,Fiat,500,2025,302,302,"1,0 Hybrid 70ch",Essence,22000,Manuelle,Alger centre,16,,,2026-09-20 11:30,2026-10-05 11:30,2026-10-05 11:30,voitures,https://www.ouedkniss.com/voitures-fiat-500-2025-alger-centre-algerie-d57676716
57676800,Fiat 500 2025 Cult MIB,Fiat,500,2025,299,299,"1,0 Hybrid 70ch",Essence,37000,Manuelle,Dar el beida,16,,,2026-09-20 11:30,2026-10-05 11:30,2026-10-05 11:30,voitures,https://www.ouedkniss.com/voitures-fiat-500-2025-cult-mib-dar-el-beida-alger-algerie-d57676800
57585801,Hyundai Grand I10 Sedan 2018 DZ GLS,Hyundai,Grand i10,2018,380,380,1.2 ess 87ch,Essence,19000,Automatique,Cheraga,16,,4,2026-09-19 11:30,2026-10-05 11:30,2026-10-05 11:30,voitures,https://www.ouedkniss.com/voitures-hyundai-grand-i10-sedan-2018-dz-gls-cheraga-alger-algerie-d57585801
57716961,Renault Megane 4 2022 Evolution,Renault,Megane 4,2022,375,375,1.0 TCe 115ch,Essence,79000,Manuelle,Taher,18,,4,2026-09-14 11:30,2026-10-05 11:30,2026-10-05 11:30,voitures,https://www.ouedkniss.com/voitures-renault-megane-4-2022-evolution-taher-jijel-algerie-d57716961
57337194,Dacia Sandero 2022 Expression,Dacia,Sandero,2022,360,360,1.0 TCe 110ch,Essence,88000,Manuelle,Belouizdad,16,,,2026-09-12 11:30,2026-10-05 11:30,2026-10-05 11:30,voitures,https://www.ouedkniss.com/voitures-dacia-sandero-2022-expression-belouizdad-alger-algerie-d57337194
57554109,Chery Arrizo 5 2025 GT,Chery,Arrizo 5,2025,319,319,1.5T,Essence,28000,Automatique,Blida,9,,,2026-09-11 11:30,2026-10-05 11:30,2026-10-05 11:30,voitures,https://www.ouedkniss.com/voitures-chery-arrizo-5-2025-gt-blida-algerie-d57554109
56992863,Renault Clio 5 2024 ÉVOLUTION,Renault,Clio 5,2024,305,305,1.0 90 CH,Essence,56000,Manuelle,Constantine,25,,5,2026-09-11 11:30,2026-10-05 11:30,2026-10-05 11:30,voitures,https://www.ouedkniss.com/voitures-renault-clio-5-2024-evolution-constantine-algerie-d56992863
57583704,Dacia Sandero 2025 Journey,Dacia,Sandero,2025,365,365,1.0 TCe 90ch,Essence,19000,Manuelle,Baba hassen,16,,,2026-09-11 11:30,2026-10-05 11:30,2026-10-05 11:30,voitures,https://www.ouedkniss.com/voitures-dacia-sandero-2025-journey-baba-hassen-alger-algerie-d57583704
57377289,Toyota Corolla 2025,Toyota,Corolla,2025,340,340,1.5L,Essence,66000,Automatique,Blida,9,,4,2026-09-09 11:30,2026-10-05 11:30,2026-10-05 11:30,voitures,https://www.ouedkniss.com/voitures-toyota-corolla-2025-blida-algerie-d57377289
57554289,Skoda Karoq 2023 Business,Skoda,Karoq,2023,365,365,1.0 Tsi 116ch,Essence,105000,Manuelle,Constantine,25,,,2026-09-08 11:30,2026-10-05 11:30,2026-10-05 11:30,voitures,https://www.ouedkniss.com/voitures-skoda-karoq-2023-business-constantine-algerie-d57554289
57544833,Livan X3 Pro Dashcam 2025 Automatique Avec Toit Ouvrant,Livan,X3 Pro,2025,325,325,1.5 ess 113 ch,Essence,20350,Automatique,Kouba,16,,,2026-09-07 11:30,2026-10-05 11:30,2026-10-05 11:30,voitures,https://www.ouedkniss.com/voitures-livan-x3-pro-dashcam-2025-automatique-avec-toit-ouvrant-kouba-alger-algerie-d57544833
55216399,Kia PIKANTO 2023,Kia,PIKANTO,2023,310,310,,Essence,58000,Automatique,El eulma,19,,1,2026-08-06 11:30,2026-10-05 11:30,2026-10-05 11:30,voitures,https://www.ouedkniss.com/voitures-kia-pikanto-2023-el-eulma-setif-algerie-d55216399
56725175,Toyota Yaris Sedan 2012,Toyota,Yaris,2012,315,315,1.5 vvti,GPL,40000,Manuelle,Aflou,3,,2,2026-08-06 11:30,2026-10-05 11:30,2026-10-05 11:30,voitures,https://www.ouedkniss.com/voitures-toyota-yaris-sedan-2012-aflou-laghouat-algerie-d56725175
56719985,Peugeot 207 2013,Peugeot,207,2013,215,215,1.4 ess 75ch,Essence,20000,Manuelle,Relizane,48,,1,2026-08-06 11:30,2026-10-05 11:30,2026-10-05 11:30,voitures,https://www.ouedkniss.com/voitures-peugeot-207-2013-relizane-algerie-d56719985
55637335,Opel Corsa 2022 Dynamic,Opel,Corsa,2022,305,305,1.2 ess 85ch,Essence,89000,Manuelle,Tizi ouzou,15,,7,2026-07-07 11:30,2026-10-05 11:30,2026-10-05 11:30,voitures,https://www.ouedkniss.com/voitures-opel-corsa-2022-dynamic-tizi-ouzou-algerie-d55637335
56589542,Kia RIO 2023 Active Business,Kia,Rio,2023,338,338,1.2,Essence,33844,Manuelle,Constantine,25,,1,2026-07-07 11:30,2026-10-05 11:30,2026-10-05 11:30,voitures,https://www.ouedkniss.com/voitures-kia-rio-2023-active-business-constantine-algerie-d56589542
56598620,Renault Symbol 2019,Renault,Symbol,2019,350,350,,Essence,105000,Manuelle,Ouled fares,2,,,2026-07-07 11:30,2026-10-05 11:30,2026-10-05 11:30,voitures,https://www.ouedkniss.com/voitures-renault-symbol-2019-ouled-fares-chlef-algerie-d56598620
56083954,Livan X3 Pro 2026 Manuelle (Avec Toit Ouvrant),Livan,X3 Pro,2026,355,355,1.5 ess 113ch,Essence,19800,Manuelle,Kouba,16,,,2026-06-07 11:30,2026-10-05 11:30,2026-10-05 11:30,voitures,https://www.ouedkniss.com/voitures-livan-x3-pro-2026-manuelle-avec-toit-ouvrant-kouba-alger-algerie-d56083954
54688220,Volkswagen T-Cross 2024,Volkswagen,T-Cross,2024,368,368,1.5 MPI 115 ch,Essence,60000,Automatique,Blida,9,,4,2026-05-08 11:30,2026-10-05 11:30,2026-10-05 11:30,voitures,https://www.ouedkniss.com/voitures-volkswagen-t-cross-2024-blida-algerie-d54688220
52060973,Toyota Corolla 2024 Luxury,Toyota,Corolla,2024,365,365,1.2 Turbo,Essence,34000,Automatique,Blida,9,,11,2026-05-08 11:30,2026-10-05 11:30,2026-10-05 11:30,voitures,https://www.ouedkniss.com/voitures-toyota-corolla-2024-luxury-blida-algerie-d52060973
54425558,Toyota Corolla 2024,Toyota,Corolla,2024,365,365,1.2 Turbo,Essence,35000,Automatique,Blida,9,,4,2026-04-08 11:30,2026-10-05 11:30,2026-10-05 11:30,voitures,https://www.ouedkniss.com/voitures-toyota-corolla-2024-blida-annaba-algerie-d54425558
54320240,Renault Captur 2024 EVOLUTION,Renault,Captur,2024,315,315,1.0 100CH ESSENCE-GPL,GPL,52000,Manuelle,Constantine,25,,4,2026-04-08 11:30,2026-10-05 11:30,2026-10-05 11:30,voitures,https://www.ouedkniss.com/voitures-renault-captur-2024-evolution-constantine-algerie-d54320240
54081521,Volkswagen Bora 2024 Comfort,Volkswagen,Bora,2024,349,349,200 TSI,Essence,46000,Automatique,Blida,9,,12,2026-04-08 11:30,2026-10-05 11:30,2026-10-05 11:30,voitures,https://www.ouedkniss.com/voitures-volkswagen-bora-2024-comfort-blida-algerie-d54081521
54081554,Volkswagen Jetta 2024 Comfort,Volkswagen,Jetta,2024,359,359,280 TSI,Essence,72000,Automatique,Blida,9,,6,2026-04-08 11:30,2026-10-05 11:30,2026-10-05 11:30,voitures,https://www.ouedkniss.com/voitures-volkswagen-jetta-2024-comfort-blida-algerie-d54081554
54284999,Citroen C3 C SERIES 2023 1.2 83 CH,Citroen,C3,2023,255,255,,Essence,27447,Manuelle,Constantine,25,,3,2026-03-09 11:30,2026-10-05 11:30,2026-10-05 11:30,voitures,https://www.ouedkniss.com/voitures-citroen-c3-c-series-2023-12-83-ch-constantine-algerie-d54284999
54146120,Renault Captur 2024 Evolution,Renault,Captur,2024,335,335,1.0 100CH ESSENCE-GPL,Essence,52000,Manuelle,Constantine,25,,4,2026-03-09 11:30,2026-10-05 11:30,2026-10-05 11:30,voitures,https://www.ouedkniss.com/voitures-renault-captur-2024-evolution-constantine-algerie-d54146120
54146042,Citroen C3 C SERIES 1.2 83 CH 2023,Citroen,C3,2023,255,255,1.2,Essence,39900,Manuelle,Constantine,25,,,2026-03-09 11:30,2026-10-05 11:30,2026-10-05 11:30,voitures,https://www.ouedkniss.com/voitures-citroen-c3-c-series-12-83-ch-2023-constantine-algerie-d54146042
53028653,Volkswagen T-Cross 2023 Comfort,Volkswagen,T-Cross,2023,287,287,1.5 MPI 115 ch,Essence,65000,Automatique,Blida,9,,7,2026-01-08 11:30,2026-10-05 11:30,2026-10-05 11:30,voitures,https://www.ouedkniss.com/voitures-volkswagen-t-cross-2023-comfort-blida-algerie-d53028653
57546051,Renault Clio 5 2022 5 Box,Renault,Clio 5,2022,335,335,,Essence,87000,Manuelle,1,0,4 jours,,,2026-10-05 11:30,2026-10-05 11:30,voitures,https://www.ouedkniss.com/voitures-renault-clio-5-2022-box-mahelma-alger-algerie-d57546051
